1,7/24/2024 12:19,1,0,1,0
1,7/26/2024 10:24,1,0,1,0
1,7/26/2024 10:24,1,0,1,0
1,7/26/2024 10:25,1,0,1,0
1,7/26/2024 10:25,1,0,1,0
2,7/24/2024 7:37,1,0,1,0
2,7/24/2024 12:22,1,0,1,0
2,7/26/2024 7:40,1,0,1,0
2,7/26/2024 12:33,1,0,1,0
2,7/29/2024 7:35,1,0,1,0
2,7/29/2024 15:04,1,1,1,0
2,8/1/2024 6:09,1,1,1,0
2,8/1/2024 15:00,1,1,1,0
2,8/2/2024 6:54,1,0,1,0
2,8/2/2024 15:05,1,1,1,0
2,8/5/2024 7:00,1,0,1,0
2,8/5/2024 15:02,1,1,1,0
2,8/6/2024 6:25,1,1,1,0
2,8/6/2024 15:41,1,1,1,0
2,8/7/2024 6:35,1,0,1,0
2,8/7/2024 15:43,1,1,1,0
240002,7/24/2024 7:15,1,0,1,0
240002,7/24/2024 14:00,1,1,1,0
240002,7/26/2024 6:59,1,0,1,0
240002,7/26/2024 15:00,1,1,1,0
240002,7/30/2024 7:01,1,0,1,0
240002,7/30/2024 17:02,1,1,1,0
240002,7/31/2024 7:13,1,0,1,0
240002,7/31/2024 17:01,1,1,1,0
240002,8/1/2024 7:01,1,0,1,0
240002,8/1/2024 17:01,1,1,1,0
240002,8/2/2024 7:38,1,0,1,0
240002,8/2/2024 15:00,1,1,1,0
240002,8/5/2024 6:59,1,0,1,0
240002,8/5/2024 17:00,1,1,1,0
240002,8/6/2024 6:57,1,0,1,0
240002,8/7/2024 6:59,1,0,1,0
240002,8/7/2024 17:01,1,1,1,0
2400001,7/24/2024 7:42,1,0,1,0
2400001,7/24/2024 12:34,1,0,1,0
2400001,7/29/2024 7:59,1,0,1,0
2400001,7/29/2024 15:48,1,1,1,0
2400001,7/30/2024 6:32,1,0,1,0
2400001,7/30/2024 18:36,1,1,1,0
2400001,7/31/2024 7:18,1,0,1,0
2400001,7/31/2024 15:44,1,1,1,0
2400001,8/1/2024 7:19,1,0,1,0
2400001,8/1/2024 18:34,1,1,1,0
2400001,8/2/2024 7:22,1,0,1,0
2400001,8/2/2024 15:34,1,1,1,0
2400001,8/5/2024 8:07,1,0,1,0
2400001,8/5/2024 18:36,1,1,1,0
2400001,8/6/2024 6:20,1,1,1,0
2400001,8/6/2024 18:40,1,1,1,0
2400001,8/7/2024 7:10,1,0,1,0
2400001,8/7/2024 18:13,1,1,1,0
2400001,8/8/2024 6:27,1,1,1,0
2400003,7/24/2024 6:44,1,0,1,0
2400003,7/24/2024 14:00,1,1,1,0
2400003,7/26/2024 6:38,1,0,1,0
2400003,7/26/2024 15:00,1,1,1,0
2400003,7/29/2024 6:51,1,0,1,0
2400003,7/29/2024 17:00,1,1,1,0
2400003,7/30/2024 6:46,1,0,1,0
2400003,7/30/2024 17:00,1,1,1,0
2400003,7/31/2024 6:54,1,0,1,0
2400003,7/31/2024 17:01,1,1,1,0
2400003,8/2/2024 6:47,1,0,1,0
2400003,8/2/2024 15:00,1,1,1,0
2400003,8/5/2024 6:48,1,0,1,0
2400003,8/5/2024 9:03,1,0,1,0
2400003,8/7/2024 6:37,1,0,1,0
2400003,8/7/2024 17:00,1,1,1,0
2400004,7/26/2024 6:41,1,0,1,0
2400004,7/26/2024 15:00,1,1,1,0
2400004,7/29/2024 6:46,1,0,1,0
2400004,7/29/2024 17:00,1,1,1,0
2400004,7/30/2024 6:40,1,0,1,0
2400004,7/30/2024 17:00,1,1,1,0
2400004,7/31/2024 6:44,1,0,1,0
2400004,7/31/2024 17:01,1,1,1,0
2400004,8/1/2024 6:49,1,0,1,0
2400004,8/1/2024 17:02,1,1,1,0
2400004,8/2/2024 6:54,1,0,1,0
2400004,8/2/2024 15:00,1,1,1,0
2400004,8/5/2024 6:48,1,0,1,0
2400004,8/5/2024 17:00,1,1,1,0
2400004,8/6/2024 6:51,1,0,1,0
2400004,8/6/2024 17:01,1,1,1,0
2400004,8/7/2024 6:46,1,0,1,0
2400004,8/7/2024 17:01,1,1,1,0
2400004,8/8/2024 6:48,1,0,1,0
2400005,7/24/2024 6:59,1,0,1,0
2400005,7/24/2024 14:00,1,1,1,0
2400005,7/26/2024 6:55,1,0,1,0
2400005,7/26/2024 15:00,1,1,1,0
2400005,7/29/2024 6:50,1,0,1,0
2400005,7/29/2024 17:00,1,1,1,0
2400005,7/30/2024 6:48,1,0,1,0
2400005,7/30/2024 17:00,1,1,1,0
2400005,7/31/2024 6:51,1,0,1,0
2400005,7/31/2024 17:01,1,1,1,0
2400005,8/1/2024 6:57,1,0,1,0
2400005,8/1/2024 17:02,1,1,1,0
2400005,8/2/2024 6:48,1,0,1,0
2400005,8/2/2024 15:00,1,1,1,0
2400005,8/5/2024 6:51,1,0,1,0
2400005,8/5/2024 17:00,1,1,1,0
2400005,8/6/2024 6:49,1,0,1,0
2400005,8/6/2024 17:01,1,1,1,0
2400005,8/7/2024 6:34,1,0,1,0
2400005,8/7/2024 17:01,1,1,1,0
      E2300002,7/24/2024 9:01,1,0,1,0
      E2300002,7/24/2024 12:51,1,0,1,0
      E2300002,7/26/2024 8:38,1,0,1,0
      E2300002,7/26/2024 12:09,1,0,1,0
      E2300002,7/29/2024 8:32,1,0,1,0
      E2300002,7/29/2024 17:02,1,1,1,0
      E2300002,7/30/2024 8:39,1,0,1,0
      E2300002,7/30/2024 17:24,1,1,1,0
      E2300002,7/31/2024 8:14,1,0,1,0
      E2300002,7/31/2024 16:36,1,1,1,0
      E2300002,8/1/2024 9:07,1,0,1,0
      E2300002,8/1/2024 18:03,1,1,1,0
      E2300002,8/5/2024 8:40,1,0,1,0
      E2300002,8/5/2024 10:49,1,0,1,0
      E2300002,8/6/2024 9:17,1,0,1,0
      E2300002,8/6/2024 17:24,1,1,1,0
      E2300004,7/24/2024 8:06,1,0,15,0
      E2300004,7/24/2024 12:21,1,0,1,0
      E2300004,7/24/2024 12:21,1,0,15,0
      E2300004,7/26/2024 8:17,1,0,15,0
      E2300004,7/26/2024 12:16,1,0,15,0
      E2300004,7/29/2024 7:10,1,0,15,0
      E2300004,7/29/2024 16:55,1,1,15,0
      E2300004,7/30/2024 7:39,1,0,15,0
      E2300004,7/30/2024 13:46,1,1,15,0
      E2300004,7/31/2024 7:09,1,0,15,0
      E2300004,7/31/2024 16:36,1,1,1,0
      E2300004,7/31/2024 16:36,1,1,1,0
      E2300004,8/5/2024 7:02,1,0,1,0
      E2300004,8/5/2024 7:02,1,0,1,0
      E2300004,8/5/2024 17:26,1,1,1,0
      E2300004,8/6/2024 7:26,1,0,1,0
      E2300004,8/6/2024 17:04,1,1,15,0
      E2300004,8/7/2024 7:06,1,0,15,0
      E2300004,8/7/2024 17:07,1,1,15,0
      E2300005,7/24/2024 7:56,1,0,1,0
      E2300005,7/26/2024 7:42,1,0,1,0
      E2300005,7/26/2024 11:22,1,0,1,0
      E2300005,7/31/2024 8:00,1,0,1,0
      E2300005,7/31/2024 17:03,1,1,1,0
      E2300005,8/1/2024 7:48,1,0,1,0
      E2300005,8/1/2024 17:05,1,1,1,0
      E2300005,8/2/2024 7:49,1,0,1,0
      E2300005,8/2/2024 17:03,1,1,1,0
      E2300005,8/5/2024 7:56,1,0,1,0
      E2300005,8/5/2024 17:02,1,1,1,0
      E2300005,8/6/2024 7:49,1,0,1,0
      E2300005,8/6/2024 17:03,1,1,1,0
      E2300005,8/7/2024 7:49,1,0,1,0
      E2300005,8/7/2024 17:00,1,1,1,0
      E2300006,7/29/2024 8:46,1,0,1,0
      E2300006,7/29/2024 16:47,1,1,1,0
      E2300006,7/30/2024 9:02,1,1,1,0
      E2300006,7/30/2024 16:53,1,1,1,0
      E2300006,7/31/2024 9:06,1,0,1,0
      E2300006,7/31/2024 16:49,1,1,1,0
      E2300006,8/1/2024 9:35,1,0,1,0
      E2300006,8/1/2024 16:45,1,1,1,0
      E2300006,8/2/2024 8:00,1,0,1,0
      E2300006,8/2/2024 16:58,1,1,1,0
      E2300006,8/5/2024 8:47,1,0,1,0
      E2300006,8/5/2024 16:48,1,1,1,0
      E2300006,8/6/2024 9:17,1,0,1,0
      E2300006,8/7/2024 8:55,1,0,1,0
      E2300006,8/7/2024 16:51,1,1,1,0
      E2300007,7/24/2024 8:19,1,0,1,0
      E2300007,7/24/2024 12:18,1,0,1,0
      E2300007,7/26/2024 7:58,1,0,1,0
      E2300007,7/26/2024 12:16,1,0,1,0
      E2300007,7/29/2024 7:59,1,0,1,0
      E2300007,7/29/2024 16:55,1,1,1,0
      E2300007,7/31/2024 7:58,1,0,1,0
      E2300007,7/31/2024 17:02,1,1,1,0
      E2300007,8/1/2024 8:02,1,0,1,0
      E2300007,8/1/2024 13:24,1,0,1,0
      E2300007,8/2/2024 8:25,1,0,1,0
      E2300007,8/2/2024 17:00,1,1,1,0
      E2300007,8/5/2024 8:08,1,0,1,0
      E2300007,8/5/2024 17:05,1,1,1,0
      E2300007,8/7/2024 7:59,1,0,1,0
      E2300007,8/7/2024 17:07,1,1,1,0
      E2300009,7/24/2024 7:36,1,0,1,0
      E2300009,7/24/2024 12:22,1,0,1,0
      E2300009,7/26/2024 7:40,1,0,1,0
      E2300009,7/26/2024 12:41,1,1,1,0
      E2300009,7/29/2024 7:06,1,0,1,0
      E2300009,7/29/2024 16:59,1,1,1,0
      E2300009,7/30/2024 7:26,1,0,1,0
      E2300009,7/30/2024 17:14,1,1,1,0
      E2300009,7/31/2024 7:13,1,0,1,0
      E2300009,7/31/2024 16:48,1,1,1,0
      E2300009,8/1/2024 7:02,1,0,1,0
      E2300009,8/1/2024 16:19,1,1,1,0
      E2300009,8/2/2024 7:32,1,0,1,0
      E2300009,8/2/2024 15:35,1,1,1,0
      E2300009,8/5/2024 7:15,1,0,1,0
      E2300009,8/5/2024 15:32,1,1,1,0
      E2300009,8/6/2024 7:41,1,0,1,0
      E2300009,8/6/2024 16:14,1,1,1,0
      E2300009,8/7/2024 7:11,1,0,1,0
      E2300009,8/7/2024 16:32,1,1,1,0
      E2300011,7/24/2024 7:57,1,0,1,0
      E2300011,7/24/2024 12:29,1,0,1,0
      E2300011,7/26/2024 7:54,1,0,1,0
      E2300011,7/26/2024 12:50,1,1,1,0
      E2300011,7/29/2024 7:53,1,0,1,0
      E2300011,7/29/2024 17:03,1,1,1,0
      E2300011,7/30/2024 7:46,1,0,1,0
      E2300011,7/30/2024 17:08,1,1,1,0
      E2300011,7/31/2024 7:51,1,0,1,0
      E2300011,7/31/2024 17:03,1,1,1,0
      E2300011,8/1/2024 7:52,1,0,1,0
      E2300011,8/1/2024 17:18,1,1,1,0
      E2300011,8/2/2024 8:57,1,0,1,0
      E2300011,8/5/2024 7:47,1,0,1,0
      E2300011,8/5/2024 17:08,1,1,1,0
      E2300011,8/6/2024 7:50,1,0,1,0
      E2300011,8/6/2024 17:02,1,1,1,0
      E2300011,8/7/2024 7:51,1,0,1,0
      E2300011,8/7/2024 17:00,1,1,1,0
      E2300012,7/24/2024 7:34,1,0,1,0
      E2300012,7/24/2024 12:21,1,0,1,0
      E2300012,7/26/2024 7:29,1,0,1,0
      E2300012,7/26/2024 13:38,1,1,1,0
      E2300012,7/27/2024 8:17,1,0,1,0
      E2300012,7/27/2024 17:11,1,1,1,0
      E2300012,7/29/2024 7:27,1,0,1,0
      E2300012,7/29/2024 16:51,1,1,1,0
      E2300012,7/30/2024 7:26,1,0,1,0
      E2300012,7/30/2024 19:00,1,1,1,0
      E2300012,7/31/2024 7:30,1,0,1,0
      E2300012,7/31/2024 19:01,1,1,1,0
      E2300012,8/1/2024 7:02,1,0,1,0
      E2300012,8/1/2024 19:00,1,1,1,0
      E2300012,8/2/2024 7:31,1,0,1,0
      E2300012,8/2/2024 18:30,1,1,1,0
      E2300012,8/3/2024 8:06,1,0,1,0
      E2300012,8/3/2024 17:26,1,1,1,0
      E2300012,8/5/2024 7:24,1,0,1,0
      E2300012,8/5/2024 19:01,1,1,1,0
      E2300012,8/6/2024 7:25,1,0,1,0
      E2300012,8/6/2024 19:03,1,1,1,0
      E2300012,8/7/2024 7:19,1,0,1,0
      E2300012,8/7/2024 19:00,1,1,1,0
      E2300013,7/24/2024 7:27,1,0,15,0
      E2300013,7/24/2024 12:29,1,0,15,0
      E2300013,7/26/2024 7:14,1,0,15,0
      E2300013,7/26/2024 13:25,1,1,15,0
      E2300013,7/29/2024 7:36,1,0,15,0
      E2300013,7/29/2024 16:51,1,1,15,0
      E2300013,7/30/2024 7:38,1,0,1,0
      E2300013,7/30/2024 17:14,1,1,15,0
      E2300013,7/31/2024 7:40,1,0,1,0
      E2300013,7/31/2024 17:04,1,1,15,0
      E2300013,8/1/2024 7:31,1,0,15,0
      E2300013,8/1/2024 17:49,1,1,1,0
      E2300013,8/2/2024 7:48,1,0,1,0
      E2300013,8/2/2024 16:42,1,1,1,0
      E2300013,8/5/2024 7:18,1,0,1,0
      E2300013,8/5/2024 17:03,1,1,1,0
      E2300013,8/6/2024 7:39,1,0,1,0
      E2300013,8/6/2024 17:04,1,1,15,0
      E2300013,8/7/2024 7:19,1,0,1,0
      E2300013,8/7/2024 16:33,1,1,1,0
      E2300014,7/24/2024 7:52,1,0,1,0
      E2300014,7/24/2024 12:19,1,0,1,0
      E2300014,7/24/2024 12:21,1,0,1,0
      E2300014,7/26/2024 7:36,1,0,1,0
      E2300014,7/26/2024 12:46,1,1,1,0
      E2300014,7/29/2024 7:35,1,0,1,0
      E2300014,7/29/2024 16:55,1,1,1,0
      E2300014,7/30/2024 7:35,1,0,1,0
      E2300014,7/30/2024 16:58,1,1,1,0
      E2300014,7/31/2024 7:37,1,0,1,0
      E2300014,7/31/2024 17:02,1,1,1,0
      E2300014,8/1/2024 7:35,1,0,1,0
      E2300014,8/1/2024 16:46,1,1,1,0
      E2300014,8/2/2024 7:37,1,0,1,0
      E2300014,8/2/2024 16:59,1,1,1,0
      E2300014,8/5/2024 7:34,1,0,1,0
      E2300014,8/5/2024 16:58,1,1,1,0
      E2300014,8/6/2024 7:27,1,0,1,0
      E2300014,8/6/2024 16:52,1,1,1,0
      E2300014,8/7/2024 7:26,1,0,1,0
      E2300014,8/7/2024 16:56,1,1,1,0
      E2300015,7/26/2024 7:34,1,0,1,0
      E2300015,7/26/2024 13:38,1,1,1,0
      E2300015,7/27/2024 8:02,1,0,1,0
      E2300015,7/27/2024 17:11,1,1,1,0
      E2300015,7/29/2024 7:42,1,0,1,0
      E2300015,7/29/2024 19:00,1,1,1,0
      E2300015,7/30/2024 8:06,1,0,1,0
      E2300015,7/30/2024 19:00,1,1,1,0
      E2300015,7/31/2024 19:01,1,1,1,0
      E2300015,8/2/2024 7:06,1,0,1,0
      E2300015,8/2/2024 18:30,1,1,1,0
      E2300015,8/3/2024 7:53,1,0,1,0
      E2300015,8/5/2024 7:33,1,0,1,0
      E2300015,8/5/2024 19:01,1,1,1,0
      E2300015,8/6/2024 7:36,1,0,1,0
      E2300015,8/6/2024 19:04,1,1,1,0
      E2300015,8/7/2024 7:27,1,0,1,0
      E2300015,8/7/2024 18:59,1,1,1,0
      E2300016,7/24/2024 7:55,1,0,1,0
      E2300016,7/24/2024 12:30,1,0,1,0
      E2300016,7/26/2024 7:59,1,0,1,0
      E2300016,7/26/2024 12:46,1,1,1,0
      E2300016,7/29/2024 7:50,1,0,1,0
      E2300016,7/29/2024 17:01,1,1,1,0
      E2300016,7/30/2024 8:02,1,0,1,0
      E2300016,7/30/2024 18:36,1,1,1,0
      E2300016,7/31/2024 7:57,1,0,1,0
      E2300016,7/31/2024 7:57,1,0,1,0
      E2300016,7/31/2024 17:02,1,1,1,0
      E2300016,8/1/2024 8:04,1,0,1,0
      E2300016,8/1/2024 18:34,1,1,1,0
      E2300016,8/2/2024 8:00,1,0,1,0
      E2300016,8/2/2024 18:11,1,1,1,0
      E2300016,8/3/2024 8:00,1,0,1,0
      E2300016,8/3/2024 18:14,1,1,1,0
      E2300016,8/5/2024 7:58,1,0,1,0
      E2300016,8/5/2024 18:36,1,1,1,0
      E2300016,8/6/2024 7:55,1,0,1,0
      E2300016,8/6/2024 18:40,1,1,1,0
      E2300016,8/7/2024 7:57,1,0,1,0
      E2300016,8/7/2024 18:13,1,1,1,0
      E2300017,7/24/2024 7:49,1,0,1,0
      E2300017,7/24/2024 12:35,1,0,1,0
      E2300017,7/26/2024 7:55,1,0,1,0
      E2300017,7/26/2024 12:58,1,1,1,0
      E2300017,7/29/2024 7:58,1,0,1,0
      E2300017,7/29/2024 17:01,1,1,1,0
      E2300017,7/30/2024 7:49,1,0,1,0
      E2300017,7/30/2024 17:00,1,1,1,0
      E2300017,7/31/2024 7:49,1,0,1,0
      E2300017,7/31/2024 17:00,1,1,1,0
      E2300017,8/1/2024 7:52,1,0,1,0
      E2300017,8/1/2024 17:00,1,1,1,0
      E2300017,8/1/2024 17:00,1,1,1,0
      E2300017,8/2/2024 7:57,1,0,1,0
      E2300017,8/2/2024 17:01,1,1,1,0
      E2300017,8/5/2024 7:57,1,0,1,0
      E2300017,8/5/2024 17:00,1,1,1,0
      E2300017,8/6/2024 7:54,1,0,1,0
      E2300017,8/6/2024 17:02,1,1,1,0
      E2300017,8/7/2024 7:56,1,0,1,0
      E2300017,8/7/2024 17:00,1,1,1,0
      E2300020,7/24/2024 8:01,1,0,1,0
      E2300020,7/24/2024 12:37,1,0,1,0
      E2300020,7/26/2024 7:42,1,0,1,0
      E2300020,7/26/2024 12:58,1,1,1,0
      E2300020,7/29/2024 7:35,1,0,1,0
      E2300020,7/29/2024 17:01,1,1,1,0
      E2300020,7/30/2024 7:36,1,0,1,0
      E2300020,7/30/2024 17:00,1,1,1,0
      E2300020,7/31/2024 7:33,1,0,1,0
      E2300020,7/31/2024 17:02,1,1,1,0
      E2300020,8/1/2024 7:35,1,0,1,0
      E2300020,8/1/2024 17:01,1,1,1,0
      E2300020,8/2/2024 7:55,1,0,1,0
      E2300020,8/2/2024 17:01,1,1,1,0
      E2300020,8/7/2024 7:43,1,0,1,0
      E2300020,8/7/2024 17:00,1,1,1,0
      E2300050,7/29/2024 7:54,1,0,1,0
      E2300050,7/29/2024 15:04,1,1,1,0
      E2300050,7/30/2024 7:51,1,0,1,0
      E2300050,7/30/2024 15:03,1,1,1,0
      E2300050,7/31/2024 7:53,1,0,1,0
      E2300050,7/31/2024 15:02,1,1,1,0
      E2300050,8/1/2024 7:52,1,0,1,0
      E2300050,8/1/2024 15:00,1,1,1,0
      E2300050,8/2/2024 7:55,1,0,1,0
      E2300050,8/2/2024 15:02,1,1,1,0
      E2300050,8/5/2024 7:56,1,0,1,0
      E2300050,8/5/2024 15:03,1,1,1,0
      E2300051,7/29/2024 7:47,1,0,1,0
      E2300051,7/29/2024 15:03,1,1,1,0
      E2300051,7/30/2024 7:47,1,0,1,0
      E2300051,7/30/2024 15:37,1,1,1,0
      E2300051,7/31/2024 7:41,1,0,1,0
      E2300051,7/31/2024 12:05,1,0,1,0
      E2300051,8/5/2024 7:49,1,0,1,0
      E2300051,8/5/2024 15:03,1,1,1,0
      E2300051,8/6/2024 7:46,1,0,1,0
      E2300051,8/6/2024 15:06,1,1,1,0
      E2300051,8/7/2024 7:48,1,0,1,0
      E2300051,8/7/2024 15:05,1,1,1,0
      E2300052,8/5/2024 7:56,1,0,1,0
      E2300052,8/5/2024 15:01,1,1,1,0
      E2300052,8/6/2024 7:57,1,0,1,0
      E2300052,8/6/2024 15:05,1,1,1,0
      E2300052,8/7/2024 7:55,1,0,1,0
      E2300052,8/7/2024 15:01,1,1,1,0
      E2300053,7/29/2024 8:03,1,0,1,0
      E2300053,7/29/2024 15:51,1,1,1,0
      E2300053,7/31/2024 7:57,1,0,1,0
      E2300053,7/31/2024 15:26,1,1,1,0
      E2300053,8/5/2024 7:56,1,0,1,0
      E2300053,8/5/2024 15:42,1,1,1,0
      E2300053,8/6/2024 7:59,1,0,1,0
      E2300053,8/6/2024 15:33,1,1,1,0
      E2300053,8/7/2024 7:57,1,0,1,0
      E2300053,8/7/2024 15:41,1,1,1,0
      E2300054,7/29/2024 7:48,1,0,1,0
      E2300054,7/29/2024 15:04,1,1,1,0
      E2300054,7/30/2024 7:47,1,0,1,0
      E2300054,7/30/2024 15:37,1,1,1,0
      E2300054,7/31/2024 7:50,1,0,1,0
      E2300054,7/31/2024 15:09,1,1,1,0
      E2300054,8/1/2024 7:46,1,0,1,0
      E2300054,8/1/2024 15:08,1,1,1,0
      E2300054,8/2/2024 7:45,1,0,1,0
      E2300054,8/2/2024 15:04,1,1,1,0
      E2300054,8/5/2024 7:38,1,0,1,0
      E2300054,8/5/2024 15:02,1,1,1,0
      E2300054,8/6/2024 7:46,1,0,1,0
      E2300054,8/6/2024 15:06,1,1,1,0
      E2300054,8/7/2024 7:48,1,0,1,0
      E2300054,8/7/2024 15:05,1,1,1,0
      E2300055,7/29/2024 7:50,1,0,1,0
      E2300055,7/29/2024 15:00,1,1,1,0
      E2300055,7/30/2024 7:57,1,0,1,0
      E2300055,7/30/2024 15:00,1,1,1,0
      E2300055,7/31/2024 7:55,1,0,1,0
      E2300055,7/31/2024 15:01,1,1,1,0
      E2300055,8/2/2024 7:56,1,0,1,0
      E2300055,8/2/2024 17:17,1,1,1,0
      E2300055,8/5/2024 7:56,1,0,1,0
      E2300055,8/5/2024 15:01,1,0,1,0
      E2300055,8/6/2024 7:55,1,0,1,0
      E2300055,8/6/2024 15:05,1,1,1,0
      E2300055,8/7/2024 7:56,1,0,1,0
      E2300055,8/7/2024 17:14,1,1,1,0
      E2300056,7/29/2024 6:47,1,0,1,0
      E2300056,7/29/2024 15:03,1,1,1,0
      E2300056,7/30/2024 6:45,1,0,1,0
      E2300056,7/30/2024 15:03,1,1,1,0
      E2300056,7/31/2024 6:46,1,0,1,0
      E2300056,7/31/2024 15:38,1,1,1,0
      E2300056,8/1/2024 6:47,1,0,1,0
      E2300056,8/1/2024 15:03,1,1,1,0
      E2300056,8/2/2024 6:49,1,0,1,0
      E2300056,8/2/2024 15:58,1,1,1,0
      E2300056,8/5/2024 6:50,1,0,1,0
      E2300056,8/5/2024 15:02,1,1,1,0
      E2300056,8/6/2024 6:45,1,0,1,0
      E2300056,8/6/2024 15:58,1,1,1,0
      E2300056,8/7/2024 6:48,1,0,1,0
      E2300056,8/7/2024 15:58,1,1,1,0
      E2300057,7/29/2024 7:28,1,0,1,0
      E2300057,7/29/2024 15:03,1,1,1,0
      E2300057,7/31/2024 7:26,1,0,1,0
      E2300057,7/31/2024 15:06,1,1,1,0
      E2300057,8/1/2024 7:31,1,0,1,0
      E2300057,8/1/2024 15:02,1,1,1,0
      E2300057,8/2/2024 7:28,1,0,1,0
      E2300057,8/2/2024 15:09,1,1,1,0
      E2300057,8/5/2024 7:27,1,0,1,0
      E2300057,8/5/2024 15:01,1,1,1,0
      E2300057,8/6/2024 7:30,1,0,1,0
      E2300057,8/6/2024 15:00,1,0,1,0
      E2300057,8/7/2024 7:21,1,0,1,0
      E2300057,8/7/2024 15:00,1,0,1,0
      E2300058,7/30/2024 7:50,1,0,1,0
      E2300058,7/30/2024 15:01,1,1,1,0
      E2300058,7/31/2024 7:46,1,0,1,0
      E2300058,7/31/2024 13:38,1,0,1,0
      E2300058,8/1/2024 7:53,1,0,1,0
      E2300058,8/1/2024 16:46,1,1,1,0
      E2300058,8/5/2024 7:17,1,0,1,0
      E2300058,8/5/2024 15:02,1,1,1,0
      E2300058,8/6/2024 7:34,1,0,1,0
      E2300058,8/6/2024 15:36,1,1,1,0
      E2300058,8/7/2024 7:30,1,0,1,0
      E2300058,8/7/2024 15:22,1,1,1,0
      E2300064,7/29/2024 7:51,1,0,1,0
      E2300064,7/29/2024 16:03,1,1,1,0
      E2300064,7/31/2024 7:38,1,0,1,0
      E2300064,7/31/2024 16:09,1,1,1,0
      E2300064,8/1/2024 7:40,1,0,1,0
      E2300064,8/1/2024 16:11,1,1,1,0
      E2300064,8/2/2024 7:45,1,0,1,0
      E2300064,8/2/2024 16:13,1,1,1,0
      E2300064,8/5/2024 7:36,1,0,1,0
      E2300064,8/5/2024 16:04,1,1,1,0
      E2300064,8/6/2024 7:43,1,0,1,0
      E2300064,8/6/2024 16:07,1,1,1,0
      E2300064,8/7/2024 7:44,1,0,1,0
      E2300064,8/7/2024 16:03,1,1,1,0
      E2300065,7/29/2024 6:47,1,0,1,0
      E2300065,7/29/2024 15:02,1,1,1,0
      E2300065,7/30/2024 6:45,1,0,1,0
      E2300065,7/30/2024 15:04,1,1,1,0
      E2300065,7/31/2024 6:46,1,0,1,0
      E2300065,7/31/2024 15:06,1,1,1,0
      E2300065,8/1/2024 6:46,1,0,1,0
      E2300065,8/1/2024 15:02,1,1,1,0
      E2300065,8/2/2024 6:48,1,0,1,0
      E2300065,8/2/2024 15:00,1,1,1,0
      E2300065,8/5/2024 6:50,1,0,1,0
      E2300065,8/5/2024 15:02,1,1,1,0
      E2300065,8/6/2024 6:44,1,0,1,0
      E2300065,8/6/2024 15:02,1,1,1,0
      E2300065,8/7/2024 6:48,1,0,1,0
      E2300065,8/7/2024 15:00,1,1,1,0
      E2300066,7/29/2024 7:47,1,0,1,0
      E2300066,7/29/2024 15:04,1,1,1,0
      E2300066,7/30/2024 7:46,1,0,1,0
      E2300066,7/30/2024 7:47,1,0,1,0
      E2300066,7/30/2024 15:37,1,1,1,0
      E2300066,7/31/2024 7:50,1,0,1,0
      E2300066,7/31/2024 15:09,1,1,1,0
      E2300066,8/1/2024 7:46,1,0,1,0
      E2300066,8/1/2024 15:08,1,1,1,0
      E2300066,8/2/2024 7:45,1,0,1,0
      E2300066,8/2/2024 15:04,1,1,1,0
      E2300066,8/6/2024 7:46,1,0,1,0
      E2300066,8/6/2024 15:05,1,1,1,0
      E2300066,8/7/2024 7:48,1,0,1,0
      E2300066,8/7/2024 15:05,1,1,1,0
      E2300067,7/29/2024 7:45,1,0,1,0
      E2300067,7/29/2024 16:03,1,1,1,0
      E2300067,7/30/2024 7:33,1,0,1,0
      E2300067,7/30/2024 16:29,1,1,1,0
      E2300067,7/31/2024 7:31,1,0,1,0
      E2300067,7/31/2024 16:09,1,1,1,0
      E2300067,8/1/2024 7:37,1,0,1,0
      E2300067,8/1/2024 16:18,1,1,1,0
      E2300067,8/2/2024 9:15,1,0,1,0
      E2300067,8/2/2024 16:13,1,1,1,0
      E2300067,8/5/2024 16:26,1,1,1,0
      E2300067,8/6/2024 7:51,1,0,1,0
      E2300067,8/6/2024 16:16,1,1,1,0
      E2300070,7/29/2024 16:52,1,1,1,0
      E2300070,7/30/2024 7:54,1,0,1,0
      E2300070,7/30/2024 16:30,1,1,1,0
      E2300070,7/31/2024 8:10,1,0,1,0
      E2300070,7/31/2024 16:37,1,1,1,0
      E2300070,8/1/2024 8:05,1,0,1,0
      E2300070,8/1/2024 16:33,1,1,1,0
      E2300070,8/2/2024 8:15,1,0,1,0
      E2300070,8/2/2024 16:37,1,1,1,0
      E2300070,8/5/2024 8:01,1,0,1,0
      E2300070,8/5/2024 16:32,1,1,1,0
      E2300070,8/6/2024 8:11,1,0,1,0
      E2300070,8/6/2024 16:51,1,1,1,0
      E2300070,8/7/2024 8:01,1,0,1,0
      E2300070,8/7/2024 16:36,1,1,1,0
      E2300072,7/29/2024 8:03,1,0,15,0
      E2300072,7/29/2024 15:50,1,1,15,0
      E2300072,7/30/2024 7:46,1,0,15,0
      E2300072,7/30/2024 15:44,1,1,15,0
      E2300072,7/31/2024 7:57,1,0,15,0
      E2300072,7/31/2024 15:27,1,1,15,0
      E2300072,7/31/2024 15:27,1,1,15,0
      E2300072,8/1/2024 7:45,1,0,15,0
      E2300072,8/1/2024 16:02,1,1,15,0
      E2300072,8/2/2024 7:46,1,0,15,0
      E2300072,8/2/2024 15:13,1,1,15,0
      E2300072,8/5/2024 7:57,1,0,15,0
      E2300072,8/5/2024 15:39,1,1,15,0
      E2300072,8/6/2024 7:59,1,0,15,0
      E2300072,8/6/2024 15:33,1,1,15,0
      E2300072,8/7/2024 7:58,1,0,15,0
      E2300072,8/7/2024 15:41,1,1,15,0
      E2300073,7/25/2024 10:35,1,0,15,0
      E2300073,7/25/2024 15:34,1,0,15,0
      E2300073,7/29/2024 7:57,1,0,15,0
      E2300073,7/29/2024 15:08,1,1,15,0
      E2300073,7/30/2024 8:01,1,0,15,0
      E2300073,7/30/2024 8:01,1,0,15,0
      E2300073,7/30/2024 15:45,1,1,15,0
      E2300073,7/31/2024 7:34,1,0,15,0
      E2300073,7/31/2024 16:21,1,1,15,0
      E2300073,8/1/2024 7:30,1,0,15,0
      E2300073,8/1/2024 16:02,1,1,15,0
      E2300073,8/2/2024 7:41,1,0,15,0
      E2300073,8/2/2024 15:14,1,1,15,0
      E2300073,8/5/2024 7:36,1,0,15,0
      E2300073,8/5/2024 15:19,1,1,15,0
      E2300073,8/6/2024 7:37,1,0,15,0
      E2300073,8/6/2024 16:10,1,1,15,0
      E2300074,7/29/2024 7:52,1,0,1,0
      E2300074,7/29/2024 15:48,1,1,1,0
      E2300074,7/30/2024 7:56,1,0,1,0
      E2300074,7/30/2024 15:45,1,1,1,0
      E2300074,7/31/2024 7:34,1,0,1,0
      E2300074,7/31/2024 16:20,1,1,1,0
      E2300074,8/1/2024 7:56,1,0,1,0
      E2300074,8/1/2024 16:02,1,1,1,0
      E2300074,8/2/2024 7:50,1,0,1,0
      E2300074,8/2/2024 15:06,1,1,1,0
      E2300074,8/5/2024 7:56,1,0,1,0
      E2300074,8/5/2024 15:39,1,1,1,0
      E2300074,8/6/2024 7:55,1,0,1,0
      E2300074,8/6/2024 16:09,1,1,1,0
      E2300074,8/7/2024 7:36,1,0,1,0
      E2300074,8/7/2024 16:54,1,1,1,0
      E2300076,7/29/2024 7:53,1,0,1,0
      E2300076,7/29/2024 15:06,1,1,1,0
      E2300076,7/30/2024 7:16,1,0,1,0
      E2300076,7/30/2024 15:43,1,1,1,0
      E2300076,7/31/2024 7:41,1,0,1,0
      E2300076,7/31/2024 15:26,1,1,1,0
      E2300076,8/1/2024 7:46,1,0,1,0
      E2300076,8/1/2024 17:39,1,1,1,0
      E2300076,8/5/2024 7:29,1,0,1,0
      E2300076,8/5/2024 15:54,1,1,1,0
      E2300076,8/6/2024 7:22,1,0,1,0
      E2300076,8/6/2024 17:10,1,1,1,0
      E2300076,8/7/2024 7:42,1,0,1,0
      E2300076,8/7/2024 15:36,1,1,1,0
      E2300077,7/29/2024 7:59,1,0,1,0
      E2300077,7/29/2024 15:06,1,1,1,0
      E2300077,7/30/2024 7:46,1,0,1,0
      E2300077,7/30/2024 15:10,1,1,1,0
      E2300077,7/31/2024 7:46,1,0,1,0
      E2300077,7/31/2024 15:02,1,1,1,0
      E2300077,8/1/2024 7:42,1,0,1,0
      E2300077,8/1/2024 15:04,1,1,1,0
      E2300077,8/2/2024 7:38,1,0,1,0
      E2300077,8/2/2024 15:23,1,1,1,0
      E2300077,8/5/2024 7:50,1,0,1,0
      E2300077,8/5/2024 15:01,1,1,1,0
      E2300077,8/6/2024 7:47,1,0,1,0
      E2300077,8/6/2024 15:05,1,1,1,0
      E2300077,8/7/2024 7:48,1,0,1,0
      E2300077,8/7/2024 16:37,1,1,1,0
      E2300078,7/29/2024 7:35,1,0,1,0
      E2300078,7/29/2024 15:03,1,1,1,0
      E2300078,7/30/2024 7:36,1,0,1,0
      E2300078,7/31/2024 10:33,1,0,1,0
      E2300078,7/31/2024 15:02,1,1,1,0
      E2300078,8/1/2024 10:55,1,0,1,0
      E2300078,8/1/2024 15:04,1,1,1,0
      E2300078,8/5/2024 7:35,1,0,1,0
      E2300078,8/5/2024 15:02,1,1,1,0
      E2300078,8/6/2024 7:40,1,0,1,0
      E2300078,8/6/2024 15:04,1,1,1,0
      E2300078,8/7/2024 7:26,1,0,1,0
      E2300078,8/7/2024 15:01,1,1,1,0
      E2300079,7/30/2024 7:37,1,0,1,0
      E2300079,7/30/2024 15:00,1,1,1,0
      E2300079,7/31/2024 7:36,1,0,1,0
      E2300079,7/31/2024 9:15,1,0,1,0
      E2300079,8/5/2024 7:44,1,0,1,0
      E2300079,8/5/2024 15:00,1,0,1,0
      E2300079,8/5/2024 15:00,1,0,1,0
      E2300079,8/6/2024 7:45,1,0,1,0
      E2300079,8/6/2024 15:05,1,1,1,0
      E2300079,8/7/2024 7:48,1,0,1,0
      E2300079,8/7/2024 15:02,1,1,1,0
      E2300080,7/29/2024 7:36,1,0,1,0
      E2300080,7/29/2024 17:02,1,1,1,0
      E2300080,7/30/2024 7:52,1,0,1,0
      E2300080,7/30/2024 15:00,1,1,1,0
      E2300080,7/31/2024 7:42,1,0,1,0
      E2300080,7/31/2024 15:02,1,1,1,0
      E2300080,8/1/2024 7:52,1,0,1,0
      E2300080,8/1/2024 15:03,1,1,1,0
      E2300080,8/2/2024 7:48,1,0,1,0
      E2300080,8/2/2024 17:17,1,1,1,0
      E2300080,8/5/2024 7:47,1,0,1,0
      E2300080,8/5/2024 15:01,1,1,1,0
      E2300080,8/6/2024 7:53,1,0,1,0
      E2300080,8/6/2024 15:05,1,1,1,0
      E2300080,8/7/2024 7:47,1,0,1,0
      E2300080,8/7/2024 17:15,1,1,1,0
      E2300081,7/29/2024 7:07,1,0,1,0
      E2300081,7/29/2024 17:02,1,1,1,0
      E2300081,7/29/2024 17:02,1,1,1,0
      E2300081,7/30/2024 6:57,1,0,1,0
      E2300081,7/30/2024 15:00,1,1,1,0
      E2300081,7/31/2024 7:09,1,0,1,0
      E2300081,7/31/2024 15:01,1,1,1,0
      E2300081,8/1/2024 7:18,1,0,1,0
      E2300081,8/1/2024 15:03,1,1,1,0
      E2300081,8/2/2024 7:18,1,0,1,0
      E2300081,8/2/2024 17:17,1,1,1,0
      E2300081,8/5/2024 7:15,1,0,1,0
      E2300081,8/5/2024 15:01,1,0,1,0
      E2300081,8/5/2024 15:01,1,1,1,0
      E2300081,8/6/2024 7:58,1,0,1,0
      E2300081,8/6/2024 15:05,1,1,1,0
      E2300081,8/7/2024 6:58,1,0,1,0
      E2300081,8/7/2024 17:15,1,1,1,0
      E2300083,7/29/2024 7:59,1,0,1,0
      E2300083,7/29/2024 15:03,1,1,1,0
      E2300083,7/30/2024 8:00,1,0,1,0
      E2300083,7/30/2024 8:00,1,0,1,0
      E2300083,7/30/2024 15:00,1,1,1,0
      E2300083,7/31/2024 8:01,1,0,1,0
      E2300083,7/31/2024 15:02,1,1,1,0
      E2300083,8/1/2024 7:24,1,0,1,0
      E2300083,8/1/2024 15:05,1,1,1,0
      E2300083,8/2/2024 8:01,1,0,1,0
      E2300083,8/2/2024 8:01,1,0,1,0
      E2300083,8/2/2024 15:07,1,1,1,0
      E2300083,8/5/2024 7:59,1,0,1,0
      E2300083,8/5/2024 15:01,1,1,1,0
      E2300083,8/6/2024 7:57,1,0,1,0
      E2300083,8/6/2024 15:01,1,1,1,0
      E2300083,8/7/2024 7:59,1,0,1,0
      E2300083,8/7/2024 15:03,1,1,1,0
      E2300085,7/29/2024 8:02,1,0,1,0
      E2300085,7/29/2024 15:03,1,1,1,0
      E2300085,7/30/2024 7:39,1,0,1,0
      E2300085,7/30/2024 16:09,1,1,1,0
      E2300085,7/31/2024 7:49,1,0,1,0
      E2300085,7/31/2024 16:07,1,1,1,0
      E2300085,8/1/2024 7:46,1,0,1,0
      E2300085,8/1/2024 16:16,1,1,1,0
      E2300085,8/2/2024 7:57,1,0,1,0
      E2300085,8/2/2024 17:39,1,1,1,0
      E2300085,8/5/2024 7:52,1,0,1,0
      E2300085,8/5/2024 16:39,1,1,1,0
      E2300085,8/6/2024 7:49,1,0,1,0
      E2300085,8/6/2024 16:22,1,1,1,0
      E2300085,8/7/2024 7:50,1,0,1,0
      E2300085,8/7/2024 16:14,1,1,1,0
      E2300088,7/29/2024 7:51,1,0,1,0
      E2300088,7/29/2024 15:32,1,1,1,0
      E2300088,7/30/2024 8:03,1,0,1,0
      E2300088,7/30/2024 15:01,1,1,1,0
      E2300088,7/31/2024 7:45,1,0,1,0
      E2300088,7/31/2024 15:01,1,1,1,0
      E2300088,8/1/2024 7:50,1,0,1,0
      E2300088,8/1/2024 15:03,1,1,1,0
      E2300088,8/2/2024 7:53,1,0,1,0
      E2300088,8/2/2024 15:07,1,1,1,0
      E2300088,8/5/2024 7:53,1,0,1,0
      E2300088,8/5/2024 15:00,1,0,1,0
      E2300088,8/6/2024 7:59,1,0,1,0
      E2300088,8/6/2024 15:00,1,0,1,0
      E2300090,8/5/2024 7:29,1,0,1,0
      E2300090,8/5/2024 15:00,1,0,1,0
      E2300090,8/6/2024 7:36,1,0,1,0
      E2300090,8/6/2024 15:00,1,0,1,0
      E2300090,8/7/2024 7:43,1,0,1,0
      E2300090,8/7/2024 15:00,1,0,1,0
      E2300091,7/29/2024 7:35,1,0,1,0
      E2300091,7/29/2024 15:00,1,1,1,0
      E2300091,7/30/2024 7:35,1,0,1,0
      E2300091,7/30/2024 15:19,1,1,1,0
      E2300091,7/31/2024 7:37,1,0,1,0
      E2300091,7/31/2024 15:01,1,1,1,0
      E2300091,8/1/2024 7:35,1,0,1,0
      E2300091,8/1/2024 15:00,1,1,1,0
      E2300091,8/2/2024 7:38,1,0,1,0
      E2300091,8/2/2024 15:00,1,1,1,0
      E2300091,8/5/2024 7:35,1,0,1,0
      E2300091,8/5/2024 15:02,1,1,1,0
      E2300091,8/6/2024 7:27,1,0,1,0
      E2300091,8/6/2024 15:01,1,1,1,0
      E2300091,8/7/2024 7:26,1,0,1,0
      E2300091,8/7/2024 15:00,1,0,1,0
      E2300091,8/7/2024 15:00,1,1,1,0
      E2300093,7/30/2024 7:48,1,0,1,0
      E2300093,7/30/2024 15:01,1,1,1,0
      E2300093,7/31/2024 7:34,1,0,1,0
      E2300093,7/31/2024 16:20,1,1,1,0
      E2300093,8/1/2024 7:26,1,0,1,0
      E2300093,8/1/2024 16:02,1,1,1,0
      E2300093,8/2/2024 7:50,1,0,1,0
      E2300093,8/2/2024 15:02,1,1,1,0
      E2300093,8/5/2024 7:07,1,0,1,0
      E2300093,8/5/2024 7:08,1,0,1,0
      E2300093,8/5/2024 15:39,1,1,1,0
      E2300093,8/6/2024 7:21,1,0,1,0
      E2300093,8/6/2024 16:09,1,1,1,0
      E2300093,8/7/2024 7:13,1,0,1,0
      E2300093,8/7/2024 16:54,1,1,1,0
      E2300094,7/29/2024 7:30,1,0,1,0
      E2300094,7/29/2024 15:08,1,1,1,0
      E2300094,7/30/2024 7:27,1,0,1,0
      E2300094,7/30/2024 15:43,1,1,1,0
      E2300094,7/31/2024 7:42,1,0,1,0
      E2300094,7/31/2024 15:26,1,1,1,0
      E2300094,8/1/2024 7:30,1,0,1,0
      E2300094,8/1/2024 17:39,1,1,1,0
      E2300094,8/2/2024 7:36,1,0,1,0
      E2300094,8/2/2024 18:07,1,1,1,0
      E2300094,8/5/2024 7:41,1,0,1,0
      E2300094,8/5/2024 15:54,1,1,1,0
      E2300094,8/6/2024 7:25,1,0,1,0
      E2300094,8/6/2024 17:11,1,1,1,0
      E2300094,8/7/2024 7:46,1,0,1,0
      E2300094,8/7/2024 15:36,1,1,1,0
      E2300096,7/29/2024 7:39,1,0,1,0
      E2300096,7/29/2024 15:06,1,1,1,0
      E2300096,7/30/2024 7:41,1,0,1,0
      E2300096,7/30/2024 15:07,1,1,1,0
      E2300096,7/31/2024 7:38,1,0,1,0
      E2300096,7/31/2024 15:13,1,1,1,0
      E2300096,8/1/2024 7:52,1,0,1,0
      E2300096,8/2/2024 7:44,1,0,1,0
      E2300096,8/2/2024 15:00,1,1,1,0
      E2300096,8/5/2024 7:44,1,0,1,0
      E2300096,8/5/2024 15:07,1,1,1,0
      E2300096,8/6/2024 7:53,1,0,1,0
      E2300096,8/6/2024 15:05,1,1,1,0
      E2300096,8/7/2024 7:47,1,0,1,0
      E2300096,8/7/2024 15:15,1,1,1,0
      E2300097,7/29/2024 6:46,1,0,1,0
      E2300097,7/29/2024 15:03,1,1,1,0
      E2300097,7/30/2024 6:45,1,0,1,0
      E2300097,7/30/2024 15:03,1,1,1,0
      E2300097,8/1/2024 6:47,1,0,1,0
      E2300097,8/1/2024 15:02,1,1,1,0
      E2300097,8/2/2024 6:48,1,0,1,0
      E2300097,8/2/2024 15:58,1,1,1,0
      E2300097,8/5/2024 6:49,1,0,1,0
      E2300097,8/5/2024 15:02,1,1,1,0
      E2300097,8/6/2024 6:44,1,1,1,0
      E2300097,8/6/2024 16:42,1,1,1,0
      E2300097,8/7/2024 6:48,1,0,1,0
      E2300097,8/7/2024 15:58,1,1,1,0
      E2300098,7/29/2024 7:58,1,0,1,0
      E2300098,7/29/2024 15:03,1,1,1,0
      E2300098,7/30/2024 8:03,1,0,1,0
      E2300098,7/30/2024 15:01,1,1,1,0
      E2300098,7/31/2024 7:21,1,0,1,0
      E2300098,7/31/2024 15:02,1,1,1,0
      E2300098,8/1/2024 7:19,1,0,1,0
      E2300098,8/1/2024 15:04,1,1,1,0
      E2300098,8/2/2024 7:36,1,0,1,0
      E2300098,8/2/2024 15:39,1,1,1,0
      E2300098,8/5/2024 7:45,1,0,1,0
      E2300098,8/5/2024 15:00,1,0,1,0
      E2300098,8/6/2024 7:23,1,0,1,0
      E2300098,8/6/2024 15:00,1,0,1,0
      E2300098,8/7/2024 7:30,1,0,1,0
      E2300098,8/7/2024 15:02,1,1,1,0
      E2300099,7/29/2024 9:46,1,0,1,0
      E2300099,7/29/2024 15:04,1,1,1,0
      E2300099,7/30/2024 7:57,1,0,1,0
      E2300099,7/30/2024 7:57,1,0,1,0
      E2300099,7/30/2024 15:07,1,1,1,0
      E2300099,7/31/2024 7:49,1,0,1,0
      E2300099,7/31/2024 15:07,1,1,1,0
      E2300099,8/1/2024 7:52,1,0,1,0
      E2300099,8/1/2024 15:01,1,1,1,0
      E2300099,8/5/2024 7:53,1,0,1,0
      E2300099,8/5/2024 15:05,1,1,1,0
      E2300099,8/6/2024 7:45,1,0,1,0
      E2300099,8/6/2024 15:05,1,1,1,0
      E2300099,8/7/2024 7:54,1,0,1,0
      E2300099,8/7/2024 15:42,1,1,1,0
      E2300104,7/24/2024 7:58,1,0,1,0
      E2300104,7/24/2024 14:00,1,1,1,0
      E2300104,7/26/2024 7:46,1,0,1,0
      E2300104,7/30/2024 6:46,1,0,1,0
      E2300104,7/30/2024 8:57,1,1,1,0
      E2300104,7/31/2024 7:36,1,0,1,0
      E2300104,7/31/2024 17:01,1,1,1,0
      E2300104,8/1/2024 7:47,1,0,1,0
      E2300104,8/1/2024 17:01,1,1,1,0
      E2300104,8/5/2024 6:48,1,0,1,0
      E2300104,8/5/2024 16:59,1,1,1,0
      E2300104,8/5/2024 16:59,1,1,1,0
      E2300104,8/5/2024 17:00,1,1,1,0
      E2300104,8/6/2024 7:00,1,0,1,0
      E2300104,8/6/2024 17:00,1,1,1,0
      E2300104,8/7/2024 7:54,1,0,1,0
      E2300104,8/7/2024 17:01,1,1,1,0
      E2300106,7/24/2024 7:54,1,0,1,0
      E2300106,7/24/2024 14:00,1,1,1,0
      E2300106,7/25/2024 6:24,1,0,1,0
      E2300106,7/26/2024 6:34,1,0,1,0
      E2300106,7/26/2024 6:34,1,0,1,0
      E2300106,7/26/2024 15:02,1,1,1,0
      E2300106,7/29/2024 6:27,1,0,1,0
      E2300106,7/29/2024 17:00,1,1,1,0
      E2300106,7/30/2024 6:22,1,1,1,0
      E2300106,7/30/2024 6:22,1,0,1,0
      E2300106,7/30/2024 17:00,1,1,1,0
      E2300106,7/31/2024 6:13,1,0,1,0
      E2300106,7/31/2024 17:00,1,1,1,0
      E2300106,8/1/2024 6:37,1,1,1,0
      E2300106,8/1/2024 6:37,1,1,1,0
      E2300106,8/1/2024 6:37,1,0,1,0
      E2300106,8/1/2024 17:02,1,1,1,0
      E2300106,8/2/2024 6:48,1,0,1,0
      E2300106,8/2/2024 15:00,1,1,1,0
      E2300106,8/5/2024 6:11,1,0,1,0
      E2300106,8/5/2024 17:03,1,1,1,0
      E2300106,8/6/2024 6:45,1,0,1,0
      E2300106,8/6/2024 17:01,1,1,1,0
      E2300106,8/7/2024 6:42,1,0,1,0
      E2300106,8/7/2024 17:01,1,1,1,0
      E2300109,7/24/2024 7:37,1,0,1,0
      E2300109,7/24/2024 15:00,1,1,1,0
      E2300109,7/30/2024 7:08,1,0,1,0
      E2300109,7/30/2024 17:00,1,1,1,0
      E2300109,7/31/2024 7:16,1,0,1,0
      E2300109,7/31/2024 17:01,1,1,1,0
      E2300109,8/1/2024 7:14,1,0,1,0
      E2300109,8/1/2024 17:00,1,1,1,0
      E2300109,8/2/2024 7:19,1,0,1,0
      E2300109,8/2/2024 17:00,1,1,1,0
      E2300109,8/5/2024 7:28,1,0,1,0
      E2300109,8/5/2024 17:00,1,1,1,0
      E2300109,8/6/2024 7:27,1,0,1,0
      E2300109,8/6/2024 17:01,1,1,1,0
      E2300109,8/7/2024 7:22,1,0,1,0
      E2300109,8/7/2024 17:02,1,1,1,0
      E2300110,7/24/2024 7:32,1,0,1,0
      E2300110,7/24/2024 12:45,1,0,1,0
      E2300110,7/26/2024 7:39,1,0,1,0
      E2300110,7/26/2024 13:01,1,1,1,0
      E2300110,7/29/2024 7:37,1,0,1,0
      E2300110,7/29/2024 17:00,1,1,1,0
      E2300110,7/31/2024 7:34,1,0,1,0
      E2300110,7/31/2024 17:00,1,1,1,0
      E2300110,8/1/2024 7:37,1,0,1,0
      E2300110,8/1/2024 17:00,1,1,1,0
      E2300110,8/2/2024 7:42,1,0,1,0
      E2300110,8/2/2024 17:00,1,1,1,0
      E2300110,8/5/2024 7:37,1,0,1,0
      E2300110,8/5/2024 17:00,1,1,1,0
      E2300110,8/6/2024 7:23,1,0,1,0
      E2300110,8/6/2024 17:00,1,1,1,0
      E2300110,8/7/2024 7:39,1,0,1,0
      E2300110,8/7/2024 17:00,1,1,1,0
      E2300111,7/24/2024 7:25,1,0,1,0
      E2300111,7/24/2024 14:59,1,1,1,0
      E2300111,7/25/2024 7:30,1,0,1,0
      E2300111,7/26/2024 7:20,1,0,1,0
      E2300111,7/26/2024 14:59,1,1,1,0
      E2300111,7/29/2024 7:28,1,0,1,0
      E2300111,7/29/2024 17:02,1,1,1,0
      E2300111,7/30/2024 7:23,1,0,1,0
      E2300111,7/30/2024 16:59,1,1,1,0
      E2300111,7/31/2024 7:17,1,0,1,0
      E2300111,7/31/2024 17:24,1,1,1,0
      E2300111,8/1/2024 7:28,1,0,1,0
      E2300111,8/1/2024 17:01,1,1,1,0
      E2300111,8/2/2024 7:33,1,0,1,0
      E2300111,8/2/2024 17:01,1,1,1,0
      E2300111,8/5/2024 7:29,1,0,1,0
      E2300111,8/5/2024 17:01,1,1,1,0
      E2300111,8/6/2024 7:30,1,0,1,0
      E2300111,8/6/2024 17:02,1,1,1,0
      E2300111,8/7/2024 7:22,1,0,1,0
      E2300111,8/7/2024 17:02,1,1,1,0
      E2300112,7/24/2024 7:37,1,0,1,0
      E2300112,7/24/2024 15:00,1,1,1,0
      E2300112,7/26/2024 7:39,1,0,1,0
      E2300112,7/26/2024 15:00,1,1,1,0
      E2300112,7/29/2024 7:47,1,0,1,0
      E2300112,7/29/2024 17:00,1,1,1,0
      E2300112,7/30/2024 7:08,1,0,1,0
      E2300112,7/30/2024 17:00,1,1,1,0
      E2300112,7/31/2024 7:16,1,0,1,0
      E2300112,7/31/2024 17:00,1,1,1,0
      E2300112,8/1/2024 7:14,1,0,1,0
      E2300112,8/1/2024 17:01,1,1,1,0
      E2300112,8/2/2024 7:19,1,0,1,0
      E2300112,8/2/2024 17:01,1,1,1,0
      E2300112,8/5/2024 7:28,1,0,1,0
      E2300112,8/5/2024 17:00,1,1,1,0
      E2300112,8/6/2024 7:27,1,0,1,0
      E2300112,8/6/2024 17:00,1,1,1,0
      E2300112,8/7/2024 7:23,1,0,1,0
      E2300112,8/7/2024 17:02,1,1,1,0
      E2300114,7/24/2024 7:45,1,0,1,0
      E2300114,7/24/2024 15:00,1,1,1,0
      E2300114,7/26/2024 7:51,1,0,1,0
      E2300114,7/26/2024 14:59,1,1,1,0
      E2300114,7/29/2024 7:57,1,0,1,0
      E2300114,7/29/2024 17:00,1,1,1,0
      E2300114,7/30/2024 7:08,1,0,1,0
      E2300114,7/30/2024 17:00,1,1,1,0
      E2300114,7/31/2024 7:16,1,0,1,0
      E2300114,7/31/2024 17:00,1,1,1,0
      E2300114,8/1/2024 7:39,1,0,1,0
      E2300114,8/1/2024 17:00,1,1,1,0
      E2300114,8/2/2024 7:51,1,0,1,0
      E2300114,8/2/2024 17:00,1,1,1,0
      E2300114,8/5/2024 7:38,1,0,1,0
      E2300114,8/5/2024 17:01,1,1,1,0
      E2300114,8/6/2024 7:48,1,0,1,0
      E2300114,8/6/2024 17:00,1,1,1,0
      E2300114,8/7/2024 7:48,1,0,1,0
      E2300114,8/7/2024 17:01,1,1,1,0
      E2300115,7/24/2024 6:37,1,0,1,0
      E2300115,7/24/2024 15:04,1,1,1,0
      E2300115,7/25/2024 6:32,1,0,1,0
      E2300115,7/25/2024 8:59,1,1,1,0
      E2300115,7/26/2024 6:32,1,0,1,0
      E2300115,7/26/2024 15:02,1,1,1,0
      E2300115,7/27/2024 6:33,1,1,1,0
      E2300115,7/27/2024 11:03,1,1,1,0
      E2300115,7/29/2024 5:57,1,1,1,0
      E2300115,7/29/2024 17:02,1,1,1,0
      E2300115,7/31/2024 6:45,1,0,1,0
      E2300115,7/31/2024 17:01,1,1,1,0
      E2300115,8/1/2024 6:46,1,0,1,0
      E2300115,8/1/2024 17:06,1,1,1,0
      E2300115,8/2/2024 6:10,1,1,1,0
      E2300115,8/2/2024 17:02,1,1,1,0
      E2300115,8/3/2024 6:11,1,1,1,0
      E2300115,8/3/2024 11:07,1,1,1,0
      E2300115,8/5/2024 6:05,1,0,1,0
      E2300115,8/5/2024 17:03,1,1,1,0
      E2300115,8/6/2024 6:20,1,1,1,0
      E2300115,8/6/2024 17:04,1,1,1,0
      E2300115,8/7/2024 5:55,1,1,1,0
      E2300115,8/7/2024 6:18,1,0,1,0
      E2300115,8/7/2024 17:03,1,1,1,0
      E2300116,7/24/2024 6:57,1,0,1,0
      E2300116,7/24/2024 15:06,1,1,1,0
      E2300116,7/25/2024 7:19,1,0,1,0
      E2300116,7/25/2024 9:00,1,1,1,0
      E2300116,7/26/2024 6:55,1,0,1,0
      E2300116,7/26/2024 15:03,1,1,1,0
      E2300116,7/27/2024 7:57,1,0,1,0
      E2300116,7/27/2024 11:04,1,1,1,0
      E2300116,7/29/2024 7:01,1,0,1,0
      E2300116,7/29/2024 17:02,1,1,1,0
      E2300116,7/30/2024 6:56,1,0,1,0
      E2300116,7/30/2024 17:03,1,1,1,0
      E2300116,8/2/2024 6:57,1,0,1,0
      E2300116,8/2/2024 17:06,1,1,1,0
      E2300116,8/3/2024 7:40,1,0,1,0
      E2300116,8/3/2024 11:07,1,1,1,0
      E2300116,8/5/2024 6:53,1,0,1,0
      E2300116,8/5/2024 17:03,1,1,1,0
      E2300116,8/6/2024 7:04,1,0,1,0
      E2300116,8/6/2024 17:03,1,1,1,0
      E2300116,8/7/2024 6:50,1,0,1,0
      E2300116,8/7/2024 17:05,1,1,1,0
      E2300117,7/24/2024 6:54,1,0,1,0
      E2300117,7/24/2024 15:01,1,1,1,0
      E2300117,7/25/2024 7:36,1,0,1,0
      E2300117,7/25/2024 8:59,1,1,1,0
      E2300117,7/26/2024 6:52,1,0,1,0
      E2300117,7/26/2024 15:01,1,1,1,0
      E2300117,7/27/2024 7:56,1,0,1,0
      E2300117,7/27/2024 11:01,1,1,1,0
      E2300117,7/29/2024 7:03,1,0,1,0
      E2300117,7/29/2024 17:00,1,1,1,0
      E2300117,7/30/2024 6:53,1,0,1,0
      E2300117,7/30/2024 17:01,1,1,1,0
      E2300117,7/31/2024 6:50,1,0,1,0
      E2300117,7/31/2024 17:02,1,1,1,0
      E2300117,8/1/2024 6:57,1,0,1,0
      E2300117,8/1/2024 17:01,1,1,1,0
      E2300117,8/2/2024 6:44,1,0,1,0
      E2300117,8/2/2024 17:02,1,1,1,0
      E2300117,8/3/2024 7:39,1,0,1,0
      E2300117,8/3/2024 11:00,1,1,1,0
      E2300117,8/6/2024 6:36,1,1,1,0
      E2300117,8/6/2024 17:01,1,1,1,0
      E2300117,8/7/2024 6:38,1,0,1,0
      E2300117,8/7/2024 17:00,1,1,1,0
      E2300118,7/24/2024 6:32,1,0,1,0
      E2300118,7/24/2024 15:01,1,1,1,0
      E2300118,7/25/2024 7:35,1,0,1,0
      E2300118,7/25/2024 9:00,1,1,1,0
      E2300118,7/26/2024 6:30,1,0,1,0
      E2300118,7/26/2024 15:04,1,1,1,0
      E2300118,7/27/2024 7:07,1,1,1,0
      E2300118,7/27/2024 11:01,1,1,1,0
      E2300118,7/30/2024 6:35,1,0,1,0
      E2300118,7/30/2024 17:01,1,1,1,0
      E2300118,7/31/2024 6:22,1,0,1,0
      E2300118,7/31/2024 17:02,1,1,1,0
      E2300118,8/1/2024 6:26,1,1,1,0
      E2300118,8/1/2024 17:06,1,1,1,0
      E2300118,8/2/2024 6:29,1,1,1,0
      E2300118,8/2/2024 6:46,1,0,1,0
      E2300118,8/2/2024 17:01,1,1,1,0
      E2300118,8/3/2024 7:33,1,0,1,0
      E2300118,8/3/2024 11:04,1,1,1,0
      E2300118,8/5/2024 6:23,1,0,1,0
      E2300118,8/5/2024 17:02,1,1,1,0
      E2300118,8/6/2024 6:36,1,1,1,0
      E2300118,8/6/2024 17:03,1,1,1,0
      E2300118,8/7/2024 6:28,1,0,1,0
      E2300118,8/7/2024 17:02,1,1,1,0
      E2300119,7/24/2024 6:53,1,0,1,0
      E2300119,7/24/2024 15:04,1,1,1,0
      E2300119,7/25/2024 7:27,1,0,1,0
      E2300119,7/25/2024 9:08,1,1,1,0
      E2300119,7/26/2024 6:49,1,0,1,0
      E2300119,7/26/2024 15:02,1,1,1,0
      E2300119,7/27/2024 7:38,1,1,1,0
      E2300119,7/27/2024 11:04,1,1,1,0
      E2300119,7/29/2024 6:43,1,0,1,0
      E2300119,7/29/2024 17:08,1,1,1,0
      E2300119,7/30/2024 6:40,1,0,1,0
      E2300119,7/30/2024 17:02,1,1,1,0
      E2300119,7/31/2024 6:48,1,0,1,0
      E2300119,7/31/2024 17:07,1,1,1,0
      E2300119,8/1/2024 6:54,1,0,1,0
      E2300119,8/1/2024 17:22,1,1,1,0
      E2300119,8/2/2024 6:50,1,0,1,0
      E2300119,8/2/2024 17:08,1,1,1,0
      E2300119,8/3/2024 7:35,1,0,1,0
      E2300119,8/3/2024 11:08,1,1,1,0
      E2300119,8/5/2024 6:40,1,0,1,0
      E2300119,8/5/2024 17:10,1,1,1,0
      E2300119,8/6/2024 6:48,1,0,1,0
      E2300119,8/6/2024 17:06,1,1,1,0
      E2300119,8/7/2024 6:44,1,0,1,0
      E2300119,8/7/2024 17:04,1,1,1,0
      E2300120,7/24/2024 15:06,1,1,1,0
      E2300120,7/25/2024 7:54,1,0,1,0
      E2300120,7/25/2024 8:59,1,1,1,0
      E2300120,7/26/2024 7:03,1,0,1,0
      E2300120,7/26/2024 15:02,1,1,1,0
      E2300120,7/27/2024 7:50,1,1,1,0
      E2300120,7/27/2024 11:05,1,1,1,0
      E2300120,7/29/2024 7:06,1,0,1,0
      E2300120,7/29/2024 17:03,1,1,1,0
      E2300120,7/30/2024 6:58,1,0,1,0
      E2300120,7/30/2024 17:04,1,1,1,0
      E2300120,7/31/2024 6:51,1,0,1,0
      E2300120,8/1/2024 6:59,1,0,1,0
      E2300120,8/1/2024 17:07,1,1,1,0
      E2300120,8/2/2024 6:56,1,0,1,0
      E2300120,8/5/2024 6:52,1,0,1,0
      E2300120,8/5/2024 17:04,1,1,1,0
      E2300120,8/6/2024 6:50,1,0,1,0
      E2300120,8/6/2024 17:03,1,1,1,0
      E2300120,8/7/2024 7:07,1,0,1,0
      E2300120,8/7/2024 17:06,1,1,1,0
      E2300121,7/24/2024 6:37,1,0,1,0
      E2300121,7/24/2024 15:01,1,1,1,0
      E2300121,7/25/2024 8:10,1,0,1,0
      E2300121,7/25/2024 9:00,1,1,1,0
      E2300121,7/26/2024 6:32,1,0,1,0
      E2300121,7/26/2024 15:03,1,1,1,0
      E2300121,7/27/2024 7:52,1,1,1,0
      E2300121,7/27/2024 11:01,1,1,1,0
      E2300121,7/29/2024 6:46,1,0,1,0
      E2300121,7/29/2024 17:01,1,1,1,0
      E2300121,7/30/2024 6:44,1,0,1,0
      E2300121,7/30/2024 17:01,1,1,1,0
      E2300121,7/31/2024 6:45,1,0,1,0
      E2300121,7/31/2024 17:02,1,1,1,0
      E2300121,8/1/2024 6:46,1,0,1,0
      E2300121,8/1/2024 17:12,1,1,1,0
      E2300121,8/3/2024 7:46,1,0,1,0
      E2300121,8/3/2024 11:08,1,1,1,0
      E2300122,7/24/2024 7:00,1,0,1,0
      E2300122,7/24/2024 15:02,1,1,1,0
      E2300122,7/25/2024 7:51,1,0,1,0
      E2300122,7/25/2024 8:43,1,1,1,0
      E2300122,7/26/2024 6:53,1,0,1,0
      E2300122,7/26/2024 17:00,1,1,1,0
      E2300122,7/27/2024 8:04,1,0,1,0
      E2300122,7/27/2024 17:00,1,1,1,0
      E2300122,7/29/2024 6:55,1,0,1,0
      E2300122,7/29/2024 17:03,1,1,1,0
      E2300122,7/30/2024 6:51,1,0,1,0
      E2300122,7/30/2024 17:02,1,1,1,0
      E2300122,7/31/2024 6:48,1,0,1,0
      E2300122,7/31/2024 17:02,1,1,1,0
      E2300122,8/1/2024 6:45,1,0,1,0
      E2300122,8/1/2024 17:06,1,1,1,0
      E2300122,8/2/2024 6:54,1,0,1,0
      E2300122,8/2/2024 17:02,1,1,1,0
      E2300122,8/3/2024 7:55,1,0,1,0
      E2300122,8/3/2024 17:00,1,1,1,0
      E2300122,8/5/2024 6:47,1,0,1,0
      E2300122,8/5/2024 17:02,1,1,1,0
      E2300122,8/6/2024 6:51,1,0,1,0
      E2300122,8/6/2024 17:02,1,1,1,0
      E2300122,8/7/2024 6:48,1,0,1,0
      E2300122,8/7/2024 17:02,1,1,1,0
      E2300123,7/24/2024 7:55,1,0,1,0
      E2300123,7/24/2024 15:00,1,1,1,0
      E2300123,7/25/2024 7:41,1,0,1,0
      E2300123,7/25/2024 8:58,1,1,1,0
      E2300123,7/26/2024 7:51,1,0,1,0
      E2300123,7/26/2024 15:00,1,1,1,0
      E2300123,7/29/2024 7:53,1,0,1,0
      E2300123,7/29/2024 17:00,1,1,1,0
      E2300123,7/30/2024 7:53,1,0,1,0
      E2300123,7/30/2024 17:02,1,1,1,0
      E2300123,7/31/2024 7:53,1,0,1,0
      E2300123,7/31/2024 17:00,1,1,1,0
      E2300123,8/1/2024 7:52,1,0,1,0
      E2300123,8/1/2024 17:06,1,1,1,0
      E2300123,8/1/2024 17:06,1,1,1,0
      E2300123,8/2/2024 7:53,1,0,1,0
      E2300123,8/2/2024 17:04,1,1,1,0
      E2300123,8/3/2024 7:50,1,0,1,0
      E2300123,8/3/2024 7:50,1,0,1,0
      E2300123,8/3/2024 17:00,1,1,1,0
      E2300123,8/5/2024 7:49,1,0,1,0
      E2300123,8/5/2024 17:01,1,1,1,0
      E2300123,8/6/2024 7:48,1,0,1,0
      E2300123,8/6/2024 17:01,1,1,1,0
      E2300123,8/7/2024 7:51,1,0,1,0
      E2300123,8/7/2024 17:02,1,1,1,0
      E2300125,7/24/2024 7:49,1,0,1,0
      E2300125,7/24/2024 15:00,1,1,1,0
      E2300125,7/26/2024 7:50,1,0,1,0
      E2300125,7/26/2024 15:00,1,1,1,0
      E2300125,7/27/2024 7:55,1,1,1,0
      E2300125,7/27/2024 17:00,1,1,1,0
      E2300125,7/29/2024 7:53,1,0,1,0
      E2300125,7/29/2024 17:00,1,1,1,0
      E2300125,7/30/2024 7:53,1,0,1,0
      E2300125,7/30/2024 17:01,1,1,1,0
      E2300125,7/31/2024 7:54,1,0,1,0
      E2300125,7/31/2024 17:02,1,1,1,0
      E2300125,8/1/2024 7:53,1,0,1,0
      E2300125,8/1/2024 17:01,1,1,1,0
      E2300125,8/2/2024 7:53,1,0,1,0
      E2300125,8/2/2024 16:23,1,1,1,0
      E2300125,8/5/2024 7:57,1,0,1,0
      E2300125,8/5/2024 17:01,1,1,1,0
      E2300125,8/6/2024 7:50,1,0,1,0
      E2300125,8/6/2024 17:01,1,1,1,0
      E2300125,8/7/2024 7:49,1,0,1,0
      E2300125,8/7/2024 17:00,1,1,1,0
      E2300127,7/24/2024 7:50,1,0,1,0
      E2300127,7/24/2024 15:02,1,1,1,0
      E2300127,7/25/2024 9:00,1,1,1,0
      E2300127,7/26/2024 7:36,1,0,1,0
      E2300127,7/26/2024 16:50,1,1,1,0
      E2300127,7/27/2024 7:36,1,1,1,0
      E2300127,7/27/2024 17:00,1,1,1,0
      E2300127,7/29/2024 7:41,1,0,1,0
      E2300127,7/29/2024 17:01,1,1,1,0
      E2300127,7/30/2024 7:34,1,0,1,0
      E2300127,7/30/2024 16:59,1,1,1,0
      E2300127,7/31/2024 7:47,1,0,1,0
      E2300127,7/31/2024 17:00,1,1,1,0
      E2300127,8/1/2024 7:38,1,0,1,0
      E2300127,8/1/2024 17:22,1,1,1,0
      E2300127,8/2/2024 7:42,1,0,1,0
      E2300127,8/2/2024 17:01,1,1,1,0
      E2300127,8/3/2024 8:02,1,0,1,0
      E2300127,8/3/2024 17:00,1,1,1,0
      E2300127,8/5/2024 7:31,1,0,1,0
      E2300127,8/5/2024 16:55,1,1,1,0
      E2300127,8/5/2024 17:01,1,1,1,0
      E2300127,8/6/2024 7:52,1,0,1,0
      E2300127,8/6/2024 17:02,1,1,1,0
      E2300127,8/6/2024 17:02,1,1,1,0
      E2300127,8/7/2024 7:48,1,0,1,0
      E2300127,8/7/2024 17:00,1,1,1,0
      E2300128,7/24/2024 8:20,1,0,1,0
      E2300128,7/24/2024 15:01,1,1,1,0
      E2300128,7/25/2024 7:03,1,0,1,0
      E2300128,7/25/2024 9:02,1,1,1,0
      E2300128,7/26/2024 7:27,1,0,1,0
      E2300128,7/26/2024 15:08,1,1,1,0
      E2300128,7/27/2024 7:26,1,1,1,0
      E2300128,7/27/2024 17:02,1,1,1,0
      E2300128,7/29/2024 7:25,1,0,1,0
      E2300128,7/29/2024 17:02,1,1,1,0
      E2300128,7/30/2024 7:06,1,0,1,0
      E2300128,7/30/2024 17:02,1,1,1,0
      E2300128,7/31/2024 7:19,1,0,1,0
      E2300128,7/31/2024 17:02,1,1,1,0
      E2300128,8/1/2024 7:36,1,0,1,0
      E2300128,8/1/2024 17:11,1,1,1,0
      E2300128,8/2/2024 7:03,1,0,1,0
      E2300128,8/2/2024 17:03,1,1,1,0
      E2300128,8/3/2024 7:07,1,0,1,0
      E2300128,8/3/2024 17:11,1,1,1,0
      E2300128,8/5/2024 7:20,1,0,1,0
      E2300128,8/5/2024 18:00,1,1,1,0
      E2300128,8/6/2024 7:18,1,0,1,0
      E2300128,8/6/2024 18:04,1,1,1,0
      E2300128,8/7/2024 7:10,1,0,1,0
      E2300128,8/7/2024 19:00,1,1,1,0
      E2300130,7/24/2024 7:47,1,0,1,0
      E2300130,7/24/2024 14:51,1,1,1,0
      E2300130,7/25/2024 7:46,1,0,1,0
      E2300130,7/25/2024 8:23,1,0,1,0
      E2300130,7/26/2024 7:42,1,0,1,0
      E2300130,7/26/2024 14:16,1,1,1,0
      E2300130,7/27/2024 8:00,1,0,1,0
      E2300130,7/27/2024 16:00,1,1,1,0
      E2300130,7/29/2024 7:50,1,0,1,0
      E2300130,7/29/2024 17:00,1,1,1,0
      E2300130,7/30/2024 7:49,1,0,1,0
      E2300130,7/30/2024 17:00,1,1,1,0
      E2300130,7/31/2024 12:41,1,0,1,0
      E2300130,7/31/2024 17:00,1,1,1,0
      E2300130,8/1/2024 7:46,1,0,1,0
      E2300130,8/1/2024 17:26,1,1,1,0
      E2300130,8/1/2024 17:29,1,1,1,0
      E2300130,8/2/2024 7:49,1,0,1,0
      E2300130,8/2/2024 17:00,1,1,1,0
      E2300130,8/3/2024 7:55,1,0,1,0
      E2300130,8/3/2024 16:55,1,1,1,0
      E2300130,8/3/2024 16:56,1,1,1,0
      E2300130,8/5/2024 7:49,1,0,1,0
      E2300130,8/5/2024 17:01,1,1,1,0
      E2300130,8/6/2024 7:55,1,0,1,0
      E2300130,8/6/2024 17:00,1,1,1,0
      E2300130,8/7/2024 7:57,1,0,1,0
      E2300130,8/7/2024 17:01,1,1,1,0
      E2300132,7/24/2024 9:54,1,0,1,0
      E2300132,7/24/2024 15:01,1,1,1,0
      E2300132,7/25/2024 7:50,1,0,1,0
      E2300132,7/25/2024 8:58,1,1,1,0
      E2300132,7/26/2024 7:42,1,0,1,0
      E2300132,7/26/2024 15:02,1,1,1,0
      E2300132,7/27/2024 7:53,1,1,1,0
      E2300132,7/27/2024 17:00,1,1,1,0
      E2300132,7/29/2024 7:25,1,0,1,0
      E2300132,7/29/2024 17:03,1,1,1,0
      E2300132,7/30/2024 7:40,1,0,1,0
      E2300132,7/30/2024 17:02,1,1,1,0
      E2300132,7/31/2024 7:38,1,0,1,0
      E2300132,7/31/2024 17:00,1,1,1,0
      E2300132,8/1/2024 7:45,1,0,1,0
      E2300132,8/1/2024 17:08,1,1,1,0
      E2300132,8/2/2024 7:36,1,0,1,0
      E2300132,8/2/2024 17:04,1,1,1,0
      E2300132,8/3/2024 7:33,1,0,1,0
      E2300132,8/3/2024 17:00,1,1,1,0
      E2300132,8/5/2024 7:40,1,0,1,0
      E2300132,8/5/2024 17:02,1,1,1,0
      E2300132,8/6/2024 7:48,1,0,1,0
      E2300132,8/6/2024 17:01,1,1,1,0
      E2300132,8/7/2024 7:47,1,0,1,0
      E2300132,8/7/2024 17:02,1,1,1,0
      E2300139,7/24/2024 6:56,1,0,1,0
      E2300139,7/24/2024 15:31,1,1,1,0
      E2300139,7/25/2024 6:52,1,0,1,0
      E2300139,7/25/2024 17:03,1,0,1,0
      E2300139,7/26/2024 6:52,1,0,1,0
      E2300139,7/26/2024 18:00,1,1,1,0
      E2300139,7/27/2024 6:51,1,1,1,0
      E2300139,7/27/2024 18:59,1,1,1,0
      E2300139,7/29/2024 6:26,1,1,1,0
      E2300139,7/29/2024 18:00,1,1,1,0
      E2300139,7/30/2024 6:27,1,0,1,0
      E2300139,7/30/2024 18:00,1,1,1,0
      E2300139,7/31/2024 6:22,1,0,1,0
      E2300139,7/31/2024 18:00,1,1,1,0
      E2300139,8/1/2024 6:26,1,1,1,0
      E2300139,8/1/2024 18:00,1,1,1,0
      E2300139,8/2/2024 6:25,1,1,1,0
      E2300139,8/2/2024 18:01,1,1,1,0
      E2300139,8/5/2024 6:44,1,0,1,0
      E2300139,8/5/2024 18:00,1,1,1,0
      E2300139,8/6/2024 6:14,1,1,1,0
      E2300139,8/6/2024 18:07,1,1,1,0
      E2300139,8/7/2024 6:19,1,0,1,0
      E2300139,8/7/2024 18:03,1,1,1,0
      E2300140,7/29/2024 7:50,1,0,1,0
      E2300140,7/29/2024 15:06,1,1,1,0
      E2300140,7/30/2024 7:18,1,0,1,0
      E2300140,7/30/2024 15:17,1,1,1,0
      E2300140,8/1/2024 7:23,1,0,1,0
      E2300140,8/1/2024 17:39,1,1,1,0
      E2300140,8/2/2024 7:46,1,0,1,0
      E2300140,8/2/2024 17:23,1,1,1,0
      E2300140,8/5/2024 7:35,1,0,1,0
      E2300140,8/5/2024 15:55,1,1,1,0
      E2300140,8/6/2024 7:31,1,0,1,0
      E2300140,8/6/2024 17:11,1,1,1,0
      E2300140,8/7/2024 7:27,1,0,1,0
      E2300140,8/7/2024 15:58,1,1,1,0
      E2300142,7/25/2024 11:54,1,0,1,0
      E2300142,7/25/2024 15:34,1,0,1,0
      E2300142,7/29/2024 7:43,1,0,1,0
      E2300142,7/29/2024 15:51,1,1,1,0
      E2300142,7/30/2024 12:48,1,1,1,0
      E2300142,7/30/2024 15:38,1,1,1,0
      E2300142,7/31/2024 11:14,1,0,1,0
      E2300142,7/31/2024 16:07,1,1,1,0
      E2300142,8/1/2024 8:21,1,0,1,0
      E2300142,8/1/2024 16:02,1,1,1,0
      E2300142,8/2/2024 8:05,1,0,1,0
      E2300142,8/5/2024 7:52,1,0,1,0
      E2300142,8/5/2024 15:01,1,1,1,0
      E2300142,8/6/2024 7:48,1,0,1,0
      E2300142,8/6/2024 15:36,1,1,1,0
      E2300142,8/7/2024 7:36,1,0,1,0
      E2300142,8/7/2024 16:54,1,1,1,0
      E2300144,7/30/2024 7:30,1,0,1,0
      E2300144,7/30/2024 15:00,1,1,1,0
      E2300144,7/31/2024 7:37,1,0,1,0
      E2300144,7/31/2024 15:01,1,1,1,0
      E2300144,8/1/2024 7:35,1,0,1,0
      E2300144,8/1/2024 15:04,1,1,1,0
      E2300144,8/2/2024 7:38,1,0,1,0
      E2300144,8/2/2024 15:11,1,1,1,0
      E2300144,8/5/2024 7:35,1,0,1,0
      E2300144,8/5/2024 15:00,1,0,1,0
      E2300144,8/6/2024 7:27,1,0,1,0
      E2300144,8/6/2024 15:00,1,0,1,0
      E2300144,8/7/2024 7:26,1,0,1,0
      E2300144,8/7/2024 15:00,1,0,1,0
      E2300145,7/24/2024 6:58,1,0,1,0
      E2300145,7/24/2024 15:02,1,1,1,0
      E2300145,7/25/2024 7:15,1,0,1,0
      E2300145,7/25/2024 8:59,1,1,1,0
      E2300145,7/26/2024 6:47,1,0,1,0
      E2300145,7/26/2024 15:08,1,1,1,0
      E2300145,7/27/2024 7:14,1,1,1,0
      E2300145,7/27/2024 11:01,1,1,1,0
      E2300145,7/29/2024 6:48,1,0,1,0
      E2300145,7/29/2024 17:01,1,1,1,0
      E2300145,7/30/2024 6:44,1,0,1,0
      E2300145,7/30/2024 17:01,1,1,1,0
      E2300145,7/31/2024 6:38,1,0,1,0
      E2300145,7/31/2024 17:01,1,1,1,0
      E2300145,8/1/2024 6:50,1,0,1,0
      E2300145,8/1/2024 17:01,1,1,1,0
      E2300145,8/2/2024 6:46,1,0,1,0
      E2300145,8/2/2024 17:01,1,1,1,0
      E2300145,8/3/2024 7:08,1,0,1,0
      E2300145,8/3/2024 11:00,1,1,1,0
      E2300145,8/5/2024 6:34,1,0,1,0
      E2300145,8/5/2024 17:01,1,1,1,0
      E2300145,8/6/2024 6:58,1,0,1,0
      E2300145,8/6/2024 17:01,1,1,1,0
      E2300145,8/7/2024 6:35,1,0,1,0
      E2300145,8/7/2024 17:01,1,1,1,0
      E2300146,7/29/2024 7:44,1,0,1,0
      E2300146,7/29/2024 15:00,1,1,1,0
      E2300146,7/30/2024 7:48,1,0,1,0
      E2300146,7/30/2024 15:00,1,1,1,0
      E2300146,7/31/2024 7:47,1,0,1,0
      E2300146,7/31/2024 15:01,1,1,1,0
      E2300146,8/1/2024 7:46,1,0,1,0
      E2300146,8/1/2024 15:03,1,1,1,0
      E2300146,8/2/2024 7:47,1,0,1,0
      E2300146,8/2/2024 15:05,1,1,1,0
      E2300146,8/5/2024 7:52,1,0,1,0
      E2300146,8/5/2024 15:00,1,0,1,0
      E2300146,8/6/2024 7:55,1,0,1,0
      E2300146,8/6/2024 15:05,1,1,1,0
      E2300146,8/7/2024 7:47,1,0,1,0
      E2300146,8/7/2024 15:01,1,1,1,0
      E2300147,7/24/2024 6:37,1,0,1,0
      E2300147,7/24/2024 15:00,1,1,1,0
      E2300147,7/25/2024 7:39,1,0,1,0
      E2300147,7/25/2024 9:00,1,1,1,0
      E2300147,7/26/2024 6:32,1,0,1,0
      E2300147,7/26/2024 12:37,1,1,1,0
      E2300147,7/31/2024 6:45,1,0,1,0
      E2300147,7/31/2024 17:01,1,1,1,0
      E2300147,8/1/2024 6:46,1,0,1,0
      E2300147,8/1/2024 17:01,1,1,1,0
      E2300147,8/2/2024 6:10,1,1,1,0
      E2300147,8/2/2024 6:46,1,0,1,0
      E2300147,8/2/2024 17:02,1,1,1,0
      E2300147,8/3/2024 6:54,1,0,1,0
      E2300147,8/3/2024 11:00,1,1,1,0
      E2300147,8/5/2024 6:49,1,0,1,0
      E2300147,8/5/2024 17:01,1,1,1,0
      E2300147,8/6/2024 6:44,1,1,1,0
      E2300147,8/6/2024 17:01,1,1,1,0
      E2300147,8/7/2024 6:48,1,0,1,0
      E2300147,8/7/2024 17:01,1,1,1,0
      E2300148,7/24/2024 6:46,1,0,1,0
      E2300148,7/24/2024 15:01,1,1,1,0
      E2300148,7/25/2024 6:50,1,0,1,0
      E2300148,7/25/2024 9:02,1,1,1,0
      E2300148,7/26/2024 7:00,1,0,1,0
      E2300148,7/26/2024 15:05,1,1,1,0
      E2300148,7/27/2024 7:41,1,1,1,0
      E2300148,7/27/2024 11:05,1,1,1,0
      E2300148,7/29/2024 6:49,1,0,1,0
      E2300148,7/29/2024 17:01,1,1,1,0
      E2300148,7/30/2024 6:51,1,0,1,0
      E2300148,7/30/2024 17:02,1,1,1,0
      E2300148,7/31/2024 6:54,1,0,1,0
      E2300148,7/31/2024 17:03,1,1,1,0
      E2300148,8/1/2024 6:45,1,0,1,0
      E2300148,8/1/2024 17:11,1,1,1,0
      E2300148,8/2/2024 6:49,1,0,1,0
      E2300148,8/2/2024 17:03,1,1,1,0
      E2300148,8/3/2024 7:39,1,0,1,0
      E2300148,8/3/2024 11:09,1,1,1,0
      E2300148,8/5/2024 13:39,1,0,1,0
      E2300148,8/5/2024 17:01,1,1,1,0
      E2300148,8/6/2024 6:54,1,0,1,0
      E2300148,8/6/2024 17:02,1,1,1,0
      E2300148,8/7/2024 6:50,1,0,1,0
      E2300148,8/7/2024 17:01,1,1,1,0
      E2300151,7/29/2024 7:35,1,0,1,0
      E2300151,7/29/2024 15:00,1,1,1,0
      E2300151,7/30/2024 7:03,1,0,1,0
      E2300151,7/30/2024 15:01,1,1,1,0
      E2300151,7/31/2024 6:45,1,0,1,0
      E2300151,7/31/2024 16:48,1,1,1,0
      E2300151,8/1/2024 6:57,1,0,1,0
      E2300151,8/1/2024 13:16,1,0,1,0
      E2300151,8/5/2024 6:56,1,0,1,0
      E2300151,8/5/2024 15:02,1,1,1,0
      E2300151,8/6/2024 7:27,1,0,1,0
      E2300151,8/6/2024 15:00,1,0,1,0
      E2300151,8/7/2024 6:52,1,0,1,0
      E2300151,8/7/2024 15:03,1,1,1,0
      E2300152,7/24/2024 7:39,1,0,1,0
      E2300152,7/24/2024 15:00,1,1,1,0
      E2300152,7/26/2024 7:42,1,0,1,0
      E2300152,7/26/2024 15:00,1,1,1,0
      E2300152,7/29/2024 7:42,1,0,1,0
      E2300152,7/29/2024 17:00,1,1,1,0
      E2300152,7/30/2024 7:42,1,0,1,0
      E2300152,7/30/2024 12:17,1,1,1,0
      E2300152,7/30/2024 12:17,1,1,1,0
      E2300152,7/31/2024 7:33,1,0,1,0
      E2300152,7/31/2024 17:00,1,1,1,0
      E2300152,8/1/2024 7:40,1,0,1,0
      E2300152,8/1/2024 17:00,1,1,1,0
      E2300152,8/2/2024 7:36,1,0,1,0
      E2300152,8/2/2024 17:00,1,1,1,0
      E2300152,8/5/2024 7:35,1,0,1,0
      E2300152,8/5/2024 17:00,1,1,1,0
      E2300168,7/24/2024 7:56,1,0,1,0
      E2300168,7/24/2024 15:00,1,1,1,0
      E2300168,7/26/2024 7:46,1,0,1,0
      E2300168,7/26/2024 15:00,1,1,1,0
      E2300168,7/29/2024 6:43,1,0,1,0
      E2300168,7/29/2024 16:01,1,1,1,0
      E2300168,7/30/2024 6:51,1,0,1,0
      E2300168,7/30/2024 16:02,1,1,1,0
      E2300168,7/31/2024 6:49,1,0,1,0
      E2300168,7/31/2024 16:00,1,1,1,0
      E2300168,8/1/2024 6:54,1,0,1,0
      E2300168,8/1/2024 16:00,1,1,1,0
      E2300168,8/2/2024 6:39,1,1,1,0
      E2300168,8/2/2024 16:00,1,1,1,0
      E2300168,8/5/2024 7:39,1,0,1,0
      E2300168,8/5/2024 17:00,1,1,1,0
      E2300168,8/6/2024 7:50,1,0,1,0
      E2300168,8/6/2024 17:01,1,1,1,0
      E2300168,8/7/2024 7:49,1,0,1,0
      E2300168,8/7/2024 17:03,1,1,1,0
      E2300170,7/24/2024 6:50,1,0,1,0
      E2300170,7/24/2024 14:00,1,1,1,0
      E2300170,7/26/2024 6:39,1,0,1,0
      E2300170,7/26/2024 15:00,1,1,1,0
      E2300170,7/29/2024 6:57,1,0,1,0
      E2300170,7/29/2024 17:00,1,1,1,0
      E2300170,7/30/2024 6:46,1,0,1,0
      E2300170,7/30/2024 17:00,1,1,1,0
      E2300170,7/31/2024 6:38,1,0,1,0
      E2300170,7/31/2024 17:01,1,1,1,0
      E2300170,8/1/2024 6:43,1,0,1,0
      E2300170,8/1/2024 17:02,1,1,1,0
      E2300170,8/2/2024 6:48,1,0,1,0
      E2300170,8/2/2024 15:00,1,1,1,0
      E2300170,8/5/2024 6:46,1,0,1,0
      E2300170,8/5/2024 17:02,1,1,1,0
      E2300170,8/6/2024 6:44,1,1,1,0
      E2300170,8/6/2024 17:01,1,1,1,0
      E2300170,8/7/2024 6:48,1,0,1,0
      E2300170,8/7/2024 17:01,1,1,1,0
      E2300172,7/24/2024 7:35,1,0,1,0
      E2300172,7/24/2024 15:05,1,1,1,0
      E2300172,7/25/2024 7:43,1,0,1,0
      E2300172,7/25/2024 8:59,1,1,1,0
      E2300172,7/26/2024 6:52,1,0,1,0
      E2300172,7/26/2024 15:02,1,1,1,0
      E2300172,7/27/2024 7:43,1,1,1,0
      E2300172,7/27/2024 11:04,1,1,1,0
      E2300172,7/29/2024 7:03,1,0,1,0
      E2300172,7/29/2024 17:02,1,1,1,0
      E2300172,7/30/2024 6:46,1,0,1,0
      E2300172,7/30/2024 6:46,1,0,1,0
      E2300172,7/30/2024 17:03,1,1,1,0
      E2300172,7/31/2024 6:41,1,0,1,0
      E2300172,7/31/2024 17:03,1,1,1,0
      E2300172,8/1/2024 6:51,1,0,1,0
      E2300172,8/1/2024 17:02,1,1,1,0
      E2300172,8/2/2024 6:55,1,0,1,0
      E2300172,8/2/2024 17:05,1,1,1,0
      E2300172,8/3/2024 7:40,1,0,1,0
      E2300172,8/3/2024 11:06,1,1,1,0
      E2300172,8/5/2024 6:48,1,0,1,0
      E2300172,8/5/2024 17:02,1,1,1,0
      E2300172,8/6/2024 6:50,1,0,1,0
      E2300172,8/6/2024 17:03,1,1,1,0
      E2300172,8/7/2024 6:51,1,0,1,0
      E2300172,8/7/2024 17:05,1,1,1,0
      E2300174,7/24/2024 15:00,1,1,1,0
      E2300174,7/25/2024 7:17,1,0,1,0
      E2300174,7/25/2024 17:02,1,0,1,0
      E2300174,7/26/2024 6:56,1,0,1,0
      E2300174,7/26/2024 17:25,1,1,1,0
      E2300174,7/27/2024 7:53,1,1,1,0
      E2300174,7/27/2024 11:46,1,1,1,0
      E2300174,7/29/2024 6:54,1,0,1,0
      E2300174,7/29/2024 17:24,1,1,1,0
      E2300174,7/30/2024 6:56,1,0,1,0
      E2300174,7/30/2024 17:03,1,1,1,0
      E2300174,7/31/2024 6:53,1,0,1,0
      E2300174,7/31/2024 17:05,1,1,1,0
      E2300174,8/2/2024 7:00,1,0,1,0
      E2300174,8/3/2024 7:55,1,0,1,0
      E2300174,8/3/2024 11:48,1,1,1,0
      E2300174,8/5/2024 6:52,1,0,1,0
      E2300174,8/5/2024 17:19,1,1,1,0
      E2300174,8/6/2024 6:53,1,0,1,0
      E2300174,8/6/2024 17:03,1,1,1,0
      E2300174,8/7/2024 6:58,1,0,1,0
      E2300174,8/7/2024 17:06,1,1,1,0
      E2300176,7/24/2024 7:52,1,0,1,0
      E2300176,7/24/2024 14:59,1,1,1,0
      E2300176,7/26/2024 7:36,1,0,1,0
      E2300176,7/26/2024 15:00,1,1,1,0
      E2300176,7/29/2024 7:35,1,0,1,0
      E2300176,7/29/2024 17:00,1,1,1,0
      E2300176,7/30/2024 7:36,1,0,1,0
      E2300176,7/30/2024 16:59,1,1,1,0
      E2300176,7/31/2024 7:37,1,0,1,0
      E2300176,7/31/2024 17:00,1,1,1,0
      E2300176,8/1/2024 7:35,1,0,1,0
      E2300176,8/1/2024 17:00,1,1,1,0
      E2300176,8/2/2024 7:37,1,0,1,0
      E2300176,8/2/2024 17:00,1,1,1,0
      E2300176,8/5/2024 7:35,1,0,1,0
      E2300176,8/5/2024 17:00,1,1,1,0
      E2300176,8/6/2024 7:27,1,0,1,0
      E2300176,8/6/2024 17:00,1,1,1,0
      E2300176,8/7/2024 7:27,1,0,1,0
      E2300176,8/7/2024 17:01,1,1,1,0
      E2300179,7/24/2024 7:29,1,0,1,0
      E2300179,7/24/2024 12:28,1,0,1,0
      E2300179,7/26/2024 7:15,1,0,1,0
      E2300179,7/26/2024 13:25,1,1,1,0
      E2300179,7/29/2024 7:22,1,0,1,0
      E2300179,7/29/2024 16:54,1,1,1,0
      E2300179,7/30/2024 7:16,1,0,1,0
      E2300179,7/30/2024 17:09,1,1,1,0
      E2300179,7/31/2024 7:13,1,0,1,0
      E2300179,7/31/2024 17:04,1,1,1,0
      E2300179,8/1/2024 7:02,1,0,1,0
      E2300179,8/1/2024 16:38,1,1,1,0
      E2300179,8/2/2024 7:11,1,0,1,0
      E2300179,8/2/2024 17:01,1,1,1,0
      E2300179,8/5/2024 7:07,1,0,1,0
      E2300179,8/5/2024 17:04,1,1,1,0
      E2300179,8/6/2024 7:21,1,0,1,0
      E2300179,8/6/2024 17:06,1,1,1,0
      E2300179,8/7/2024 7:16,1,0,1,0
      E2300179,8/7/2024 17:02,1,1,1,0
      E2300179,8/7/2024 17:02,1,1,1,0
      E2300182,7/24/2024 6:52,1,0,1,0
      E2300182,7/24/2024 15:02,1,1,1,0
      E2300182,7/25/2024 6:22,1,0,1,0
      E2300182,7/25/2024 8:59,1,1,1,0
      E2300182,7/26/2024 6:32,1,0,1,0
      E2300182,7/26/2024 15:03,1,1,1,0
      E2300182,7/27/2024 7:40,1,1,1,0
      E2300182,7/27/2024 11:01,1,1,1,0
      E2300182,7/30/2024 6:38,1,0,1,0
      E2300182,7/30/2024 17:02,1,1,1,0
      E2300182,7/31/2024 6:31,1,0,1,0
      E2300182,7/31/2024 17:02,1,1,1,0
      E2300182,8/1/2024 6:48,1,0,1,0
      E2300182,8/1/2024 15:01,1,1,1,0
      E2300182,8/2/2024 6:39,1,1,1,0
      E2300182,8/2/2024 6:40,1,0,1,0
      E2300182,8/2/2024 17:01,1,1,1,0
      E2300182,8/3/2024 7:28,1,0,1,0
      E2300182,8/3/2024 11:04,1,1,1,0
      E2300182,8/5/2024 6:37,1,0,1,0
      E2300182,8/5/2024 17:02,1,1,1,0
      E2300182,8/6/2024 6:54,1,0,1,0
      E2300182,8/6/2024 17:00,1,1,1,0
      E2300182,8/7/2024 6:17,1,1,1,0
      E2300182,8/7/2024 6:18,1,0,1,0
      E2300182,8/7/2024 10:01,1,0,1,0
      E2300182,8/8/2024 6:32,1,1,1,0
      E2300182,8/8/2024 6:33,1,0,1,0
      E2300183,7/29/2024 8:14,1,0,1,0
      E2300183,7/29/2024 15:12,1,1,1,0
      E2300183,7/30/2024 7:54,1,0,1,0
      E2300183,7/30/2024 16:32,1,1,1,0
      E2300183,7/31/2024 8:00,1,0,1,0
      E2300183,7/31/2024 15:23,1,1,1,0
      E2300183,8/1/2024 7:37,1,0,1,0
      E2300183,8/1/2024 15:12,1,1,1,0
      E2300183,8/2/2024 8:00,1,0,1,0
      E2300183,8/2/2024 15:11,1,1,1,0
      E2300183,8/5/2024 8:03,1,0,1,0
      E2300183,8/5/2024 15:16,1,1,1,0
      E2300183,8/6/2024 7:47,1,0,1,0
      E2300183,8/6/2024 15:07,1,1,1,0
      E2300183,8/7/2024 7:51,1,0,1,0
      E2300183,8/7/2024 15:29,1,1,1,0
      E2300184,7/24/2024 7:56,1,0,1,0
      E2300184,7/24/2024 12:30,1,0,1,0
      E2300184,7/26/2024 7:42,1,0,1,0
      E2300184,7/26/2024 12:46,1,1,1,0
      E2300184,7/29/2024 6:46,1,0,1,0
      E2300184,7/29/2024 16:57,1,1,1,0
      E2300184,7/30/2024 6:45,1,0,1,0
      E2300184,7/30/2024 17:02,1,1,1,0
      E2300184,7/31/2024 6:45,1,0,1,0
      E2300184,7/31/2024 17:02,1,1,1,0
      E2300184,8/1/2024 6:46,1,0,1,0
      E2300184,8/1/2024 17:01,1,1,1,0
      E2300184,8/2/2024 6:48,1,0,1,0
      E2300184,8/2/2024 13:09,1,0,1,0
      E2300184,8/5/2024 6:49,1,0,1,0
      E2300184,8/5/2024 17:02,1,1,1,0
      E2300184,8/6/2024 6:44,1,1,1,0
      E2300184,8/6/2024 17:02,1,1,1,0
      E2300184,8/7/2024 6:48,1,0,1,0
      E2300184,8/7/2024 17:01,1,1,1,0
      E2300185,7/24/2024 7:53,1,0,1,0
      E2300185,7/24/2024 12:24,1,0,1,0
      E2300185,7/26/2024 7:51,1,0,1,0
      E2300185,7/26/2024 13:38,1,1,1,0
      E2300185,7/27/2024 7:50,1,1,1,0
      E2300185,7/27/2024 17:11,1,1,1,0
      E2300185,7/29/2024 7:55,1,0,1,0
      E2300185,7/29/2024 19:00,1,1,1,0
      E2300185,7/30/2024 7:54,1,0,1,0
      E2300185,7/30/2024 19:00,1,1,1,0
      E2300185,7/31/2024 11:24,1,0,1,0
      E2300185,7/31/2024 19:01,1,1,1,0
      E2300185,8/1/2024 7:50,1,0,1,0
      E2300185,8/1/2024 19:00,1,1,1,0
      E2300185,8/2/2024 7:54,1,0,1,0
      E2300185,8/2/2024 18:30,1,1,1,0
      E2300185,8/3/2024 7:53,1,0,1,0
      E2300185,8/3/2024 18:15,1,1,1,0
      E2300185,8/5/2024 7:54,1,0,1,0
      E2300185,8/5/2024 19:01,1,1,1,0
      E2300185,8/6/2024 7:53,1,0,1,0
      E2300185,8/6/2024 19:03,1,1,1,0
      E2300185,8/7/2024 7:53,1,0,1,0
      E2300185,8/7/2024 19:00,1,1,1,0
      E2300186,7/24/2024 6:56,1,0,1,0
      E2300186,7/24/2024 19:04,1,1,1,0
      E2300186,7/25/2024 6:51,1,0,1,0
      E2300186,7/25/2024 19:03,1,0,1,0
      E2300186,7/26/2024 7:06,1,0,1,0
      E2300186,7/26/2024 19:01,1,1,1,0
      E2300186,7/28/2024 6:56,1,1,1,0
      E2300186,7/28/2024 19:01,1,1,1,0
      E2300186,7/29/2024 7:01,1,0,1,0
      E2300186,7/29/2024 19:03,1,1,1,0
      E2300186,7/30/2024 6:50,1,0,1,0
      E2300186,7/30/2024 19:01,1,1,1,0
      E2300186,7/31/2024 6:43,1,0,1,0
      E2300186,7/31/2024 19:01,1,1,1,0
      E2300186,8/1/2024 6:50,1,0,1,0
      E2300186,8/1/2024 19:04,1,1,1,0
      E2300186,8/2/2024 6:52,1,0,1,0
      E2300186,8/2/2024 19:02,1,1,1,0
      E2300186,8/3/2024 6:52,1,1,1,0
      E2300186,8/3/2024 19:01,1,1,1,0
      E2300186,8/4/2024 6:50,1,0,1,0
      E2300186,8/4/2024 19:01,1,0,1,0
      E2300186,8/5/2024 6:52,1,0,1,0
      E2300186,8/5/2024 19:01,1,1,1,0
      E2300186,8/6/2024 6:49,1,0,1,0
      E2300186,8/6/2024 19:01,1,1,1,0
      E2300186,8/7/2024 6:52,1,0,1,0
      E2300186,8/7/2024 19:01,1,1,1,0
      O2300002,7/26/2024 7:35,1,0,1,0
      O2300002,7/26/2024 13:16,1,1,1,0
      O2300002,7/29/2024 7:51,1,0,1,0
      O2300002,7/29/2024 17:07,1,1,1,0
      O2300002,7/30/2024 7:38,1,0,1,0
      O2300002,7/30/2024 17:01,1,1,1,0
      O2300002,7/31/2024 7:38,1,0,1,0
      O2300002,7/31/2024 17:04,1,1,1,0
      O2300002,8/1/2024 7:42,1,0,1,0
      O2300002,8/1/2024 17:00,1,1,1,0
      O2300002,8/2/2024 7:43,1,0,1,0
      O2300002,8/2/2024 17:01,1,1,1,0
      O2300002,8/5/2024 7:49,1,0,1,0
      O2300002,8/5/2024 17:02,1,1,1,0
      O2300002,8/6/2024 7:45,1,0,1,0
      O2300002,8/6/2024 17:03,1,1,1,0
      O2300002,8/7/2024 7:42,1,0,1,0
      O2300002,8/7/2024 17:02,1,1,1,0
